
> jiga-list@1.0.0 build
> next build

 ⚠ You are using a non-standard "NODE_ENV" value in your environment. This creates inconsistencies in the project and is strongly advised against. Read more: https://nextjs.org/docs/messages/non-standard-node-env
  ▲ Next.js 14.2.35

   Creating an optimized production build ...
 ✓ Compiled successfully
   Linting and checking validity of types ...
   Collecting page data ...
   Generating static pages (0/56) ...
[INTERCEPTED ERROR] Error: <Html> should not be imported outside of pages/_document.
Read more: https://nextjs.org/docs/messages/no-document-import-in-page
    at Q (/app/applet/node_modules/next/dist/compiled/next-server/pages.runtime.prod.js:16:5430)
    at I (/app/applet/.next/server/chunks/682.js:6:1263)
    at renderWithHooks (/app/applet/node_modules/react-dom/cjs/react-dom-server.browser.development.js:5658:16)
    at renderIndeterminateComponent (/app/applet/node_modules/react-dom/cjs/react-dom-server.browser.development.js:5732:15)
    at renderElement (/app/applet/node_modules/react-dom/cjs/react-dom-server.browser.development.js:5957:7)
    at renderNodeDestructiveImpl (/app/applet/node_modules/react-dom/cjs/react-dom-server.browser.development.js:6115:11)
    at renderNodeDestructive (/app/applet/node_modules/react-dom/cjs/react-dom-server.browser.development.js:6087:14)
    at finishClassComponent (/app/applet/node_modules/react-dom/cjs/react-dom-server.browser.development.js:5688:3)
    at renderClassComponent (/app/applet/node_modules/react-dom/cjs/react-dom-server.browser.development.js:5696:3)
    at renderElement (/app/applet/node_modules/react-dom/cjs/react-dom-server.browser.development.js:5954:7)
[INTERCEPTED ERROR] 
Error occurred prerendering page "/404". Read more: https://nextjs.org/docs/messages/prerender-error

[INTERCEPTED ERROR] Error: <Html> should not be imported outside of pages/_document.
Read more: https://nextjs.org/docs/messages/no-document-import-in-page
    at Q (/app/applet/node_modules/next/dist/compiled/next-server/pages.runtime.prod.js:16:5430)
    at I (/app/applet/.next/server/chunks/682.js:6:1263)
    at renderWithHooks (/app/applet/node_modules/react-dom/cjs/react-dom-server.browser.development.js:5658:16)
    at renderIndeterminateComponent (/app/applet/node_modules/react-dom/cjs/react-dom-server.browser.development.js:5732:15)
    at renderElement (/app/applet/node_modules/react-dom/cjs/react-dom-server.browser.development.js:5957:7)
    at renderNodeDestructiveImpl (/app/applet/node_modules/react-dom/cjs/react-dom-server.browser.development.js:6115:11)
    at renderNodeDestructive (/app/applet/node_modules/react-dom/cjs/react-dom-server.browser.development.js:6087:14)
    at finishClassComponent (/app/applet/node_modules/react-dom/cjs/react-dom-server.browser.development.js:5688:3)
    at renderClassComponent (/app/applet/node_modules/react-dom/cjs/react-dom-server.browser.development.js:5696:3)
    at renderElement (/app/applet/node_modules/react-dom/cjs/react-dom-server.browser.development.js:5954:7)
[INTERCEPTED ERROR] TypeError: Cannot read properties of null (reading 'useContext')
    at t.useContext (/app/applet/node_modules/next/dist/compiled/next-server/app-page.runtime.prod.js:12:109421)
    at d (/app/applet/.next/server/chunks/569.js:1:31369)
    at h (/app/applet/.next/server/chunks/569.js:1:23307)
    at au (/app/applet/node_modules/next/dist/compiled/next-server/app-page.runtime.dev.js:35:10446)
    at /app/applet/node_modules/next/dist/compiled/next-server/app-page.runtime.dev.js:35:15122
    at aw (/app/applet/node_modules/next/dist/compiled/next-server/app-page.runtime.dev.js:35:16908)
    at a_ (/app/applet/node_modules/next/dist/compiled/next-server/app-page.runtime.dev.js:35:49776)
    at ab (/app/applet/node_modules/next/dist/compiled/next-server/app-page.runtime.dev.js:35:11808)
    at /app/applet/node_modules/next/dist/compiled/next-server/app-page.runtime.dev.js:35:16871
    at aw (/app/applet/node_modules/next/dist/compiled/next-server/app-page.runtime.dev.js:35:16908) {
  digest: '11866675'
}
[INTERCEPTED ERROR] TypeError: Cannot read properties of null (reading 'useContext')
    at t.useContext (/app/applet/node_modules/next/dist/compiled/next-server/app-page.runtime.prod.js:12:109421)
    at d (/app/applet/.next/server/chunks/569.js:1:31369)
    at h (/app/applet/.next/server/chunks/569.js:1:23307)
    at au (/app/applet/node_modules/next/dist/compiled/next-server/app-page.runtime.dev.js:35:10446)
    at /app/applet/node_modules/next/dist/compiled/next-server/app-page.runtime.dev.js:35:15122
    at aw (/app/applet/node_modules/next/dist/compiled/next-server/app-page.runtime.dev.js:35:16908)
    at a_ (/app/applet/node_modules/next/dist/compiled/next-server/app-page.runtime.dev.js:35:49776)
    at ab (/app/applet/node_modules/next/dist/compiled/next-server/app-page.runtime.dev.js:35:11808)
    at /app/applet/node_modules/next/dist/compiled/next-server/app-page.runtime.dev.js:35:16871
    at aw (/app/applet/node_modules/next/dist/compiled/next-server/app-page.runtime.dev.js:35:16908)
[INTERCEPTED ERROR] 
Error occurred prerendering page "/_not-found". Read more: https://nextjs.org/docs/messages/prerender-error

[INTERCEPTED ERROR] TypeError: Cannot read properties of null (reading 'useContext')
    at t.useContext (/app/applet/node_modules/next/dist/compiled/next-server/app-page.runtime.prod.js:12:109421)
    at d (/app/applet/.next/server/chunks/569.js:1:31369)
    at h (/app/applet/.next/server/chunks/569.js:1:23307)
    at au (/app/applet/node_modules/next/dist/compiled/next-server/app-page.runtime.dev.js:35:10446)
    at /app/applet/node_modules/next/dist/compiled/next-server/app-page.runtime.dev.js:35:15122
    at aw (/app/applet/node_modules/next/dist/compiled/next-server/app-page.runtime.dev.js:35:16908)
    at a_ (/app/applet/node_modules/next/dist/compiled/next-server/app-page.runtime.dev.js:35:49776)
    at ab (/app/applet/node_modules/next/dist/compiled/next-server/app-page.runtime.dev.js:35:11808)
    at /app/applet/node_modules/next/dist/compiled/next-server/app-page.runtime.dev.js:35:16871
    at aw (/app/applet/node_modules/next/dist/compiled/next-server/app-page.runtime.dev.js:35:16908)
[INTERCEPTED ERROR] Error: <Html> should not be imported outside of pages/_document.
Read more: https://nextjs.org/docs/messages/no-document-import-in-page
    at Q (/app/applet/node_modules/next/dist/compiled/next-server/pages.runtime.prod.js:16:5430)
    at I (/app/applet/.next/server/chunks/682.js:6:1263)
    at renderWithHooks (/app/applet/node_modules/react-dom/cjs/react-dom-server.browser.development.js:5658:16)
    at renderIndeterminateComponent (/app/applet/node_modules/react-dom/cjs/react-dom-server.browser.development.js:5732:15)
    at renderElement (/app/applet/node_modules/react-dom/cjs/react-dom-server.browser.development.js:5957:7)
    at renderNodeDestructiveImpl (/app/applet/node_modules/react-dom/cjs/react-dom-server.browser.development.js:6115:11)
    at renderNodeDestructive (/app/applet/node_modules/react-dom/cjs/react-dom-server.browser.development.js:6087:14)
    at finishClassComponent (/app/applet/node_modules/react-dom/cjs/react-dom-server.browser.development.js:5688:3)
    at renderClassComponent (/app/applet/node_modules/react-dom/cjs/react-dom-server.browser.development.js:5696:3)
    at renderElement (/app/applet/node_modules/react-dom/cjs/react-dom-server.browser.development.js:5954:7)
[INTERCEPTED ERROR] 
Error occurred prerendering page "/500". Read more: https://nextjs.org/docs/messages/prerender-error

[INTERCEPTED ERROR] Error: <Html> should not be imported outside of pages/_document.
Read more: https://nextjs.org/docs/messages/no-document-import-in-page
    at Q (/app/applet/node_modules/next/dist/compiled/next-server/pages.runtime.prod.js:16:5430)
    at I (/app/applet/.next/server/chunks/682.js:6:1263)
    at renderWithHooks (/app/applet/node_modules/react-dom/cjs/react-dom-server.browser.development.js:5658:16)
    at renderIndeterminateComponent (/app/applet/node_modules/react-dom/cjs/react-dom-server.browser.development.js:5732:15)
    at renderElement (/app/applet/node_modules/react-dom/cjs/react-dom-server.browser.development.js:5957:7)
    at renderNodeDestructiveImpl (/app/applet/node_modules/react-dom/cjs/react-dom-server.browser.development.js:6115:11)
    at renderNodeDestructive (/app/applet/node_modules/react-dom/cjs/react-dom-server.browser.development.js:6087:14)
    at finishClassComponent (/app/applet/node_modules/react-dom/cjs/react-dom-server.browser.development.js:5688:3)
    at renderClassComponent (/app/applet/node_modules/react-dom/cjs/react-dom-server.browser.development.js:5696:3)
    at renderElement (/app/applet/node_modules/react-dom/cjs/react-dom-server.browser.development.js:5954:7)
[INTERCEPTED ERROR] TypeError: Cannot read properties of null (reading 'useContext')
    at t.useContext (/app/applet/node_modules/next/dist/compiled/next-server/app-page.runtime.prod.js:12:109421)
    at d (/app/applet/.next/server/chunks/569.js:1:31369)
    at h (/app/applet/.next/server/chunks/569.js:1:23307)
    at au (/app/applet/node_modules/next/dist/compiled/next-server/app-page.runtime.dev.js:35:10446)
    at /app/applet/node_modules/next/dist/compiled/next-server/app-page.runtime.dev.js:35:15122
    at aw (/app/applet/node_modules/next/dist/compiled/next-server/app-page.runtime.dev.js:35:16908)
    at a_ (/app/applet/node_modules/next/dist/compiled/next-server/app-page.runtime.dev.js:35:49776)
    at ab (/app/applet/node_modules/next/dist/compiled/next-server/app-page.runtime.dev.js:35:11808)
    at /app/applet/node_modules/next/dist/compiled/next-server/app-page.runtime.dev.js:35:16871
    at aw (/app/applet/node_modules/next/dist/compiled/next-server/app-page.runtime.dev.js:35:16908) {
  digest: '11866675'
}
[INTERCEPTED ERROR] TypeError: Cannot read properties of null (reading 'useContext')
    at t.useContext (/app/applet/node_modules/next/dist/compiled/next-server/app-page.runtime.prod.js:12:109421)
    at d (/app/applet/.next/server/chunks/569.js:1:31369)
    at h (/app/applet/.next/server/chunks/569.js:1:23307)
    at au (/app/applet/node_modules/next/dist/compiled/next-server/app-page.runtime.dev.js:35:10446)
    at /app/applet/node_modules/next/dist/compiled/next-server/app-page.runtime.dev.js:35:15122
    at aw (/app/applet/node_modules/next/dist/compiled/next-server/app-page.runtime.dev.js:35:16908)
    at a_ (/app/applet/node_modules/next/dist/compiled/next-server/app-page.runtime.dev.js:35:49776)
    at ab (/app/applet/node_modules/next/dist/compiled/next-server/app-page.runtime.dev.js:35:11808)
    at /app/applet/node_modules/next/dist/compiled/next-server/app-page.runtime.dev.js:35:16871
    at aw (/app/applet/node_modules/next/dist/compiled/next-server/app-page.runtime.dev.js:35:16908)
[INTERCEPTED ERROR] 
Error occurred prerendering page "/settings". Read more: https://nextjs.org/docs/messages/prerender-error

[INTERCEPTED ERROR] TypeError: Cannot read properties of null (reading 'useContext')
    at t.useContext (/app/applet/node_modules/next/dist/compiled/next-server/app-page.runtime.prod.js:12:109421)
    at d (/app/applet/.next/server/chunks/569.js:1:31369)
    at h (/app/applet/.next/server/chunks/569.js:1:23307)
    at au (/app/applet/node_modules/next/dist/compiled/next-server/app-page.runtime.dev.js:35:10446)
    at /app/applet/node_modules/next/dist/compiled/next-server/app-page.runtime.dev.js:35:15122
    at aw (/app/applet/node_modules/next/dist/compiled/next-server/app-page.runtime.dev.js:35:16908)
    at a_ (/app/applet/node_modules/next/dist/compiled/next-server/app-page.runtime.dev.js:35:49776)
    at ab (/app/applet/node_modules/next/dist/compiled/next-server/app-page.runtime.dev.js:35:11808)
    at /app/applet/node_modules/next/dist/compiled/next-server/app-page.runtime.dev.js:35:16871
    at aw (/app/applet/node_modules/next/dist/compiled/next-server/app-page.runtime.dev.js:35:16908)
[INTERCEPTED ERROR] TypeError: Cannot read properties of null (reading 'useContext')
    at t.useContext (/app/applet/node_modules/next/dist/compiled/next-server/app-page.runtime.prod.js:12:109421)
    at d (/app/applet/.next/server/chunks/569.js:1:31369)
    at h (/app/applet/.next/server/chunks/569.js:1:23307)
    at au (/app/applet/node_modules/next/dist/compiled/next-server/app-page.runtime.dev.js:35:10446)
    at /app/applet/node_modules/next/dist/compiled/next-server/app-page.runtime.dev.js:35:15122
    at aw (/app/applet/node_modules/next/dist/compiled/next-server/app-page.runtime.dev.js:35:16908)
    at a_ (/app/applet/node_modules/next/dist/compiled/next-server/app-page.runtime.dev.js:35:49776)
    at ab (/app/applet/node_modules/next/dist/compiled/next-server/app-page.runtime.dev.js:35:11808)
    at /app/applet/node_modules/next/dist/compiled/next-server/app-page.runtime.dev.js:35:16871
    at aw (/app/applet/node_modules/next/dist/compiled/next-server/app-page.runtime.dev.js:35:16908) {
  digest: '11866675'
}
[INTERCEPTED ERROR] TypeError: Cannot read properties of null (reading 'useContext')
    at t.useContext (/app/applet/node_modules/next/dist/compiled/next-server/app-page.runtime.prod.js:12:109421)
    at d (/app/applet/.next/server/chunks/569.js:1:31369)
    at h (/app/applet/.next/server/chunks/569.js:1:23307)
    at au (/app/applet/node_modules/next/dist/compiled/next-server/app-page.runtime.dev.js:35:10446)
    at /app/applet/node_modules/next/dist/compiled/next-server/app-page.runtime.dev.js:35:15122
    at aw (/app/applet/node_modules/next/dist/compiled/next-server/app-page.runtime.dev.js:35:16908)
    at a_ (/app/applet/node_modules/next/dist/compiled/next-server/app-page.runtime.dev.js:35:49776)
    at ab (/app/applet/node_modules/next/dist/compiled/next-server/app-page.runtime.dev.js:35:11808)
    at /app/applet/node_modules/next/dist/compiled/next-server/app-page.runtime.dev.js:35:16871
    at aw (/app/applet/node_modules/next/dist/compiled/next-server/app-page.runtime.dev.js:35:16908)
[INTERCEPTED ERROR] 
Error occurred prerendering page "/". Read more: https://nextjs.org/docs/messages/prerender-error

[INTERCEPTED ERROR] TypeError: Cannot read properties of null (reading 'useContext')
    at t.useContext (/app/applet/node_modules/next/dist/compiled/next-server/app-page.runtime.prod.js:12:109421)
    at d (/app/applet/.next/server/chunks/569.js:1:31369)
    at h (/app/applet/.next/server/chunks/569.js:1:23307)
    at au (/app/applet/node_modules/next/dist/compiled/next-server/app-page.runtime.dev.js:35:10446)
    at /app/applet/node_modules/next/dist/compiled/next-server/app-page.runtime.dev.js:35:15122
    at aw (/app/applet/node_modules/next/dist/compiled/next-server/app-page.runtime.dev.js:35:16908)
    at a_ (/app/applet/node_modules/next/dist/compiled/next-server/app-page.runtime.dev.js:35:49776)
    at ab (/app/applet/node_modules/next/dist/compiled/next-server/app-page.runtime.dev.js:35:11808)
    at /app/applet/node_modules/next/dist/compiled/next-server/app-page.runtime.dev.js:35:16871
    at aw (/app/applet/node_modules/next/dist/compiled/next-server/app-page.runtime.dev.js:35:16908)
[INTERCEPTED ERROR] TypeError: Cannot read properties of null (reading 'useContext')
    at t.useContext (/app/applet/node_modules/next/dist/compiled/next-server/app-page.runtime.prod.js:12:109421)
    at d (/app/applet/.next/server/chunks/569.js:1:31369)
    at h (/app/applet/.next/server/chunks/569.js:1:23307)
    at au (/app/applet/node_modules/next/dist/compiled/next-server/app-page.runtime.dev.js:35:10446)
    at /app/applet/node_modules/next/dist/compiled/next-server/app-page.runtime.dev.js:35:15122
    at aw (/app/applet/node_modules/next/dist/compiled/next-server/app-page.runtime.dev.js:35:16908)
    at a_ (/app/applet/node_modules/next/dist/compiled/next-server/app-page.runtime.dev.js:35:49776)
    at ab (/app/applet/node_modules/next/dist/compiled/next-server/app-page.runtime.dev.js:35:11808)
    at /app/applet/node_modules/next/dist/compiled/next-server/app-page.runtime.dev.js:35:16871
    at aw (/app/applet/node_modules/next/dist/compiled/next-server/app-page.runtime.dev.js:35:16908) {
  digest: '11866675'
}
[INTERCEPTED ERROR] TypeError: Cannot read properties of null (reading 'useContext')
    at t.useContext (/app/applet/node_modules/next/dist/compiled/next-server/app-page.runtime.prod.js:12:109421)
    at d (/app/applet/.next/server/chunks/569.js:1:31369)
    at h (/app/applet/.next/server/chunks/569.js:1:23307)
    at au (/app/applet/node_modules/next/dist/compiled/next-server/app-page.runtime.dev.js:35:10446)
    at /app/applet/node_modules/next/dist/compiled/next-server/app-page.runtime.dev.js:35:15122
    at aw (/app/applet/node_modules/next/dist/compiled/next-server/app-page.runtime.dev.js:35:16908)
    at a_ (/app/applet/node_modules/next/dist/compiled/next-server/app-page.runtime.dev.js:35:49776)
    at ab (/app/applet/node_modules/next/dist/compiled/next-server/app-page.runtime.dev.js:35:11808)
    at /app/applet/node_modules/next/dist/compiled/next-server/app-page.runtime.dev.js:35:16871
    at aw (/app/applet/node_modules/next/dist/compiled/next-server/app-page.runtime.dev.js:35:16908)
[INTERCEPTED ERROR] 
Error occurred prerendering page "/favorites". Read more: https://nextjs.org/docs/messages/prerender-error

[INTERCEPTED ERROR] TypeError: Cannot read properties of null (reading 'useContext')
    at t.useContext (/app/applet/node_modules/next/dist/compiled/next-server/app-page.runtime.prod.js:12:109421)
    at d (/app/applet/.next/server/chunks/569.js:1:31369)
    at h (/app/applet/.next/server/chunks/569.js:1:23307)
    at au (/app/applet/node_modules/next/dist/compiled/next-server/app-page.runtime.dev.js:35:10446)
    at /app/applet/node_modules/next/dist/compiled/next-server/app-page.runtime.dev.js:35:15122
    at aw (/app/applet/node_modules/next/dist/compiled/next-server/app-page.runtime.dev.js:35:16908)
    at a_ (/app/applet/node_modules/next/dist/compiled/next-server/app-page.runtime.dev.js:35:49776)
    at ab (/app/applet/node_modules/next/dist/compiled/next-server/app-page.runtime.dev.js:35:11808)
    at /app/applet/node_modules/next/dist/compiled/next-server/app-page.runtime.dev.js:35:16871
    at aw (/app/applet/node_modules/next/dist/compiled/next-server/app-page.runtime.dev.js:35:16908)
[INTERCEPTED ERROR] TypeError: Cannot read properties of null (reading 'useContext')
    at t.useContext (/app/applet/node_modules/next/dist/compiled/next-server/app-page.runtime.prod.js:12:109421)
    at d (/app/applet/.next/server/chunks/569.js:1:31369)
    at h (/app/applet/.next/server/chunks/569.js:1:23307)
    at au (/app/applet/node_modules/next/dist/compiled/next-server/app-page.runtime.dev.js:35:10446)
    at /app/applet/node_modules/next/dist/compiled/next-server/app-page.runtime.dev.js:35:15122
    at aw (/app/applet/node_modules/next/dist/compiled/next-server/app-page.runtime.dev.js:35:16908)
    at a_ (/app/applet/node_modules/next/dist/compiled/next-server/app-page.runtime.dev.js:35:49776)
    at ab (/app/applet/node_modules/next/dist/compiled/next-server/app-page.runtime.dev.js:35:11808)
    at /app/applet/node_modules/next/dist/compiled/next-server/app-page.runtime.dev.js:35:16871
    at aw (/app/applet/node_modules/next/dist/compiled/next-server/app-page.runtime.dev.js:35:16908) {
  digest: '11866675'
}
[INTERCEPTED ERROR] TypeError: Cannot read properties of null (reading 'useContext')
    at t.useContext (/app/applet/node_modules/next/dist/compiled/next-server/app-page.runtime.prod.js:12:109421)
    at d (/app/applet/.next/server/chunks/569.js:1:31369)
    at h (/app/applet/.next/server/chunks/569.js:1:23307)
    at au (/app/applet/node_modules/next/dist/compiled/next-server/app-page.runtime.dev.js:35:10446)
    at /app/applet/node_modules/next/dist/compiled/next-server/app-page.runtime.dev.js:35:15122
    at aw (/app/applet/node_modules/next/dist/compiled/next-server/app-page.runtime.dev.js:35:16908)
    at a_ (/app/applet/node_modules/next/dist/compiled/next-server/app-page.runtime.dev.js:35:49776)
    at ab (/app/applet/node_modules/next/dist/compiled/next-server/app-page.runtime.dev.js:35:11808)
    at /app/applet/node_modules/next/dist/compiled/next-server/app-page.runtime.dev.js:35:16871
    at aw (/app/applet/node_modules/next/dist/compiled/next-server/app-page.runtime.dev.js:35:16908)
[INTERCEPTED ERROR] 
Error occurred prerendering page "/category/movies". Read more: https://nextjs.org/docs/messages/prerender-error

[INTERCEPTED ERROR] TypeError: Cannot read properties of null (reading 'useContext')
    at t.useContext (/app/applet/node_modules/next/dist/compiled/next-server/app-page.runtime.prod.js:12:109421)
    at d (/app/applet/.next/server/chunks/569.js:1:31369)
    at h (/app/applet/.next/server/chunks/569.js:1:23307)
    at au (/app/applet/node_modules/next/dist/compiled/next-server/app-page.runtime.dev.js:35:10446)
    at /app/applet/node_modules/next/dist/compiled/next-server/app-page.runtime.dev.js:35:15122
    at aw (/app/applet/node_modules/next/dist/compiled/next-server/app-page.runtime.dev.js:35:16908)
    at a_ (/app/applet/node_modules/next/dist/compiled/next-server/app-page.runtime.dev.js:35:49776)
    at ab (/app/applet/node_modules/next/dist/compiled/next-server/app-page.runtime.dev.js:35:11808)
    at /app/applet/node_modules/next/dist/compiled/next-server/app-page.runtime.dev.js:35:16871
    at aw (/app/applet/node_modules/next/dist/compiled/next-server/app-page.runtime.dev.js:35:16908)
[INTERCEPTED ERROR] TypeError: Cannot read properties of null (reading 'useContext')
    at t.useContext (/app/applet/node_modules/next/dist/compiled/next-server/app-page.runtime.prod.js:12:109421)
    at d (/app/applet/.next/server/chunks/569.js:1:31369)
    at h (/app/applet/.next/server/chunks/569.js:1:23307)
    at au (/app/applet/node_modules/next/dist/compiled/next-server/app-page.runtime.dev.js:35:10446)
    at /app/applet/node_modules/next/dist/compiled/next-server/app-page.runtime.dev.js:35:15122
    at aw (/app/applet/node_modules/next/dist/compiled/next-server/app-page.runtime.dev.js:35:16908)
    at a_ (/app/applet/node_modules/next/dist/compiled/next-server/app-page.runtime.dev.js:35:49776)
    at ab (/app/applet/node_modules/next/dist/compiled/next-server/app-page.runtime.dev.js:35:11808)
    at /app/applet/node_modules/next/dist/compiled/next-server/app-page.runtime.dev.js:35:16871
    at aw (/app/applet/node_modules/next/dist/compiled/next-server/app-page.runtime.dev.js:35:16908) {
  digest: '11866675'
}
[INTERCEPTED ERROR] TypeError: Cannot read properties of null (reading 'useContext')
    at t.useContext (/app/applet/node_modules/next/dist/compiled/next-server/app-page.runtime.prod.js:12:109421)
    at d (/app/applet/.next/server/chunks/569.js:1:31369)
    at h (/app/applet/.next/server/chunks/569.js:1:23307)
    at au (/app/applet/node_modules/next/dist/compiled/next-server/app-page.runtime.dev.js:35:10446)
    at /app/applet/node_modules/next/dist/compiled/next-server/app-page.runtime.dev.js:35:15122
    at aw (/app/applet/node_modules/next/dist/compiled/next-server/app-page.runtime.dev.js:35:16908)
    at a_ (/app/applet/node_modules/next/dist/compiled/next-server/app-page.runtime.dev.js:35:49776)
    at ab (/app/applet/node_modules/next/dist/compiled/next-server/app-page.runtime.dev.js:35:11808)
    at /app/applet/node_modules/next/dist/compiled/next-server/app-page.runtime.dev.js:35:16871
    at aw (/app/applet/node_modules/next/dist/compiled/next-server/app-page.runtime.dev.js:35:16908)
[INTERCEPTED ERROR] 
Error occurred prerendering page "/category/tv-shows". Read more: https://nextjs.org/docs/messages/prerender-error

[INTERCEPTED ERROR] TypeError: Cannot read properties of null (reading 'useContext')
    at t.useContext (/app/applet/node_modules/next/dist/compiled/next-server/app-page.runtime.prod.js:12:109421)
    at d (/app/applet/.next/server/chunks/569.js:1:31369)
    at h (/app/applet/.next/server/chunks/569.js:1:23307)
    at au (/app/applet/node_modules/next/dist/compiled/next-server/app-page.runtime.dev.js:35:10446)
    at /app/applet/node_modules/next/dist/compiled/next-server/app-page.runtime.dev.js:35:15122
    at aw (/app/applet/node_modules/next/dist/compiled/next-server/app-page.runtime.dev.js:35:16908)
    at a_ (/app/applet/node_modules/next/dist/compiled/next-server/app-page.runtime.dev.js:35:49776)
    at ab (/app/applet/node_modules/next/dist/compiled/next-server/app-page.runtime.dev.js:35:11808)
    at /app/applet/node_modules/next/dist/compiled/next-server/app-page.runtime.dev.js:35:16871
    at aw (/app/applet/node_modules/next/dist/compiled/next-server/app-page.runtime.dev.js:35:16908)
[INTERCEPTED ERROR] TypeError: Cannot read properties of null (reading 'useContext')
    at t.useContext (/app/applet/node_modules/next/dist/compiled/next-server/app-page.runtime.prod.js:12:109421)
    at d (/app/applet/.next/server/chunks/569.js:1:31369)
    at h (/app/applet/.next/server/chunks/569.js:1:23307)
    at au (/app/applet/node_modules/next/dist/compiled/next-server/app-page.runtime.dev.js:35:10446)
    at /app/applet/node_modules/next/dist/compiled/next-server/app-page.runtime.dev.js:35:15122
    at aw (/app/applet/node_modules/next/dist/compiled/next-server/app-page.runtime.dev.js:35:16908)
    at a_ (/app/applet/node_modules/next/dist/compiled/next-server/app-page.runtime.dev.js:35:49776)
    at ab (/app/applet/node_modules/next/dist/compiled/next-server/app-page.runtime.dev.js:35:11808)
    at /app/applet/node_modules/next/dist/compiled/next-server/app-page.runtime.dev.js:35:16871
    at aw (/app/applet/node_modules/next/dist/compiled/next-server/app-page.runtime.dev.js:35:16908) {
  digest: '11866675'
}
[INTERCEPTED ERROR] TypeError: Cannot read properties of null (reading 'useContext')
    at t.useContext (/app/applet/node_modules/next/dist/compiled/next-server/app-page.runtime.prod.js:12:109421)
    at d (/app/applet/.next/server/chunks/569.js:1:31369)
    at h (/app/applet/.next/server/chunks/569.js:1:23307)
    at au (/app/applet/node_modules/next/dist/compiled/next-server/app-page.runtime.dev.js:35:10446)
    at /app/applet/node_modules/next/dist/compiled/next-server/app-page.runtime.dev.js:35:15122
    at aw (/app/applet/node_modules/next/dist/compiled/next-server/app-page.runtime.dev.js:35:16908)
    at a_ (/app/applet/node_modules/next/dist/compiled/next-server/app-page.runtime.dev.js:35:49776)
    at ab (/app/applet/node_modules/next/dist/compiled/next-server/app-page.runtime.dev.js:35:11808)
    at /app/applet/node_modules/next/dist/compiled/next-server/app-page.runtime.dev.js:35:16871
    at aw (/app/applet/node_modules/next/dist/compiled/next-server/app-page.runtime.dev.js:35:16908)
[INTERCEPTED ERROR] 
Error occurred prerendering page "/category/anime". Read more: https://nextjs.org/docs/messages/prerender-error

[INTERCEPTED ERROR] TypeError: Cannot read properties of null (reading 'useContext')
    at t.useContext (/app/applet/node_modules/next/dist/compiled/next-server/app-page.runtime.prod.js:12:109421)
    at d (/app/applet/.next/server/chunks/569.js:1:31369)
    at h (/app/applet/.next/server/chunks/569.js:1:23307)
    at au (/app/applet/node_modules/next/dist/compiled/next-server/app-page.runtime.dev.js:35:10446)
    at /app/applet/node_modules/next/dist/compiled/next-server/app-page.runtime.dev.js:35:15122
    at aw (/app/applet/node_modules/next/dist/compiled/next-server/app-page.runtime.dev.js:35:16908)
    at a_ (/app/applet/node_modules/next/dist/compiled/next-server/app-page.runtime.dev.js:35:49776)
    at ab (/app/applet/node_modules/next/dist/compiled/next-server/app-page.runtime.dev.js:35:11808)
    at /app/applet/node_modules/next/dist/compiled/next-server/app-page.runtime.dev.js:35:16871
    at aw (/app/applet/node_modules/next/dist/compiled/next-server/app-page.runtime.dev.js:35:16908)
[INTERCEPTED ERROR] TypeError: Cannot read properties of null (reading 'useContext')
    at t.useContext (/app/applet/node_modules/next/dist/compiled/next-server/app-page.runtime.prod.js:12:109421)
    at d (/app/applet/.next/server/chunks/569.js:1:31369)
    at h (/app/applet/.next/server/chunks/569.js:1:23307)
    at au (/app/applet/node_modules/next/dist/compiled/next-server/app-page.runtime.dev.js:35:10446)
    at /app/applet/node_modules/next/dist/compiled/next-server/app-page.runtime.dev.js:35:15122
    at aw (/app/applet/node_modules/next/dist/compiled/next-server/app-page.runtime.dev.js:35:16908)
    at a_ (/app/applet/node_modules/next/dist/compiled/next-server/app-page.runtime.dev.js:35:49776)
    at ab (/app/applet/node_modules/next/dist/compiled/next-server/app-page.runtime.dev.js:35:11808)
    at /app/applet/node_modules/next/dist/compiled/next-server/app-page.runtime.dev.js:35:16871
    at aw (/app/applet/node_modules/next/dist/compiled/next-server/app-page.runtime.dev.js:35:16908) {
  digest: '11866675'
}
[INTERCEPTED ERROR] TypeError: Cannot read properties of null (reading 'useContext')
    at t.useContext (/app/applet/node_modules/next/dist/compiled/next-server/app-page.runtime.prod.js:12:109421)
    at d (/app/applet/.next/server/chunks/569.js:1:31369)
    at h (/app/applet/.next/server/chunks/569.js:1:23307)
    at au (/app/applet/node_modules/next/dist/compiled/next-server/app-page.runtime.dev.js:35:10446)
    at /app/applet/node_modules/next/dist/compiled/next-server/app-page.runtime.dev.js:35:15122
    at aw (/app/applet/node_modules/next/dist/compiled/next-server/app-page.runtime.dev.js:35:16908)
    at a_ (/app/applet/node_modules/next/dist/compiled/next-server/app-page.runtime.dev.js:35:49776)
    at ab (/app/applet/node_modules/next/dist/compiled/next-server/app-page.runtime.dev.js:35:11808)
    at /app/applet/node_modules/next/dist/compiled/next-server/app-page.runtime.dev.js:35:16871
    at aw (/app/applet/node_modules/next/dist/compiled/next-server/app-page.runtime.dev.js:35:16908)
[INTERCEPTED ERROR] 
Error occurred prerendering page "/category/tools". Read more: https://nextjs.org/docs/messages/prerender-error

[INTERCEPTED ERROR] TypeError: Cannot read properties of null (reading 'useContext')
    at t.useContext (/app/applet/node_modules/next/dist/compiled/next-server/app-page.runtime.prod.js:12:109421)
    at d (/app/applet/.next/server/chunks/569.js:1:31369)
    at h (/app/applet/.next/server/chunks/569.js:1:23307)
    at au (/app/applet/node_modules/next/dist/compiled/next-server/app-page.runtime.dev.js:35:10446)
    at /app/applet/node_modules/next/dist/compiled/next-server/app-page.runtime.dev.js:35:15122
    at aw (/app/applet/node_modules/next/dist/compiled/next-server/app-page.runtime.dev.js:35:16908)
    at a_ (/app/applet/node_modules/next/dist/compiled/next-server/app-page.runtime.dev.js:35:49776)
    at ab (/app/applet/node_modules/next/dist/compiled/next-server/app-page.runtime.dev.js:35:11808)
    at /app/applet/node_modules/next/dist/compiled/next-server/app-page.runtime.dev.js:35:16871
    at aw (/app/applet/node_modules/next/dist/compiled/next-server/app-page.runtime.dev.js:35:16908)
[INTERCEPTED ERROR] TypeError: Cannot read properties of null (reading 'useContext')
    at t.useContext (/app/applet/node_modules/next/dist/compiled/next-server/app-page.runtime.prod.js:12:109421)
    at d (/app/applet/.next/server/chunks/569.js:1:31369)
    at h (/app/applet/.next/server/chunks/569.js:1:23307)
    at au (/app/applet/node_modules/next/dist/compiled/next-server/app-page.runtime.dev.js:35:10446)
    at /app/applet/node_modules/next/dist/compiled/next-server/app-page.runtime.dev.js:35:15122
    at aw (/app/applet/node_modules/next/dist/compiled/next-server/app-page.runtime.dev.js:35:16908)
    at a_ (/app/applet/node_modules/next/dist/compiled/next-server/app-page.runtime.dev.js:35:49776)
    at ab (/app/applet/node_modules/next/dist/compiled/next-server/app-page.runtime.dev.js:35:11808)
    at /app/applet/node_modules/next/dist/compiled/next-server/app-page.runtime.dev.js:35:16871
    at aw (/app/applet/node_modules/next/dist/compiled/next-server/app-page.runtime.dev.js:35:16908) {
  digest: '11866675'
}
[INTERCEPTED ERROR] TypeError: Cannot read properties of null (reading 'useContext')
    at t.useContext (/app/applet/node_modules/next/dist/compiled/next-server/app-page.runtime.prod.js:12:109421)
    at d (/app/applet/.next/server/chunks/569.js:1:31369)
    at h (/app/applet/.next/server/chunks/569.js:1:23307)
    at au (/app/applet/node_modules/next/dist/compiled/next-server/app-page.runtime.dev.js:35:10446)
    at /app/applet/node_modules/next/dist/compiled/next-server/app-page.runtime.dev.js:35:15122
    at aw (/app/applet/node_modules/next/dist/compiled/next-server/app-page.runtime.dev.js:35:16908)
    at a_ (/app/applet/node_modules/next/dist/compiled/next-server/app-page.runtime.dev.js:35:49776)
    at ab (/app/applet/node_modules/next/dist/compiled/next-server/app-page.runtime.dev.js:35:11808)
    at /app/applet/node_modules/next/dist/compiled/next-server/app-page.runtime.dev.js:35:16871
    at aw (/app/applet/node_modules/next/dist/compiled/next-server/app-page.runtime.dev.js:35:16908)
[INTERCEPTED ERROR] 
Error occurred prerendering page "/category/adblockers". Read more: https://nextjs.org/docs/messages/prerender-error

[INTERCEPTED ERROR] TypeError: Cannot read properties of null (reading 'useContext')
    at t.useContext (/app/applet/node_modules/next/dist/compiled/next-server/app-page.runtime.prod.js:12:109421)
    at d (/app/applet/.next/server/chunks/569.js:1:31369)
    at h (/app/applet/.next/server/chunks/569.js:1:23307)
    at au (/app/applet/node_modules/next/dist/compiled/next-server/app-page.runtime.dev.js:35:10446)
    at /app/applet/node_modules/next/dist/compiled/next-server/app-page.runtime.dev.js:35:15122
    at aw (/app/applet/node_modules/next/dist/compiled/next-server/app-page.runtime.dev.js:35:16908)
    at a_ (/app/applet/node_modules/next/dist/compiled/next-server/app-page.runtime.dev.js:35:49776)
    at ab (/app/applet/node_modules/next/dist/compiled/next-server/app-page.runtime.dev.js:35:11808)
    at /app/applet/node_modules/next/dist/compiled/next-server/app-page.runtime.dev.js:35:16871
    at aw (/app/applet/node_modules/next/dist/compiled/next-server/app-page.runtime.dev.js:35:16908)
[INTERCEPTED ERROR] TypeError: Cannot read properties of null (reading 'useContext')
    at t.useContext (/app/applet/node_modules/next/dist/compiled/next-server/app-page.runtime.prod.js:12:109421)
    at d (/app/applet/.next/server/chunks/569.js:1:31369)
    at h (/app/applet/.next/server/chunks/569.js:1:23307)
    at au (/app/applet/node_modules/next/dist/compiled/next-server/app-page.runtime.dev.js:35:10446)
    at /app/applet/node_modules/next/dist/compiled/next-server/app-page.runtime.dev.js:35:15122
    at aw (/app/applet/node_modules/next/dist/compiled/next-server/app-page.runtime.dev.js:35:16908)
    at a_ (/app/applet/node_modules/next/dist/compiled/next-server/app-page.runtime.dev.js:35:49776)
    at ab (/app/applet/node_modules/next/dist/compiled/next-server/app-page.runtime.dev.js:35:11808)
    at /app/applet/node_modules/next/dist/compiled/next-server/app-page.runtime.dev.js:35:16871
    at aw (/app/applet/node_modules/next/dist/compiled/next-server/app-page.runtime.dev.js:35:16908) {
  digest: '11866675'
}
[INTERCEPTED ERROR] TypeError: Cannot read properties of null (reading 'useContext')
    at t.useContext (/app/applet/node_modules/next/dist/compiled/next-server/app-page.runtime.prod.js:12:109421)
    at d (/app/applet/.next/server/chunks/569.js:1:31369)
    at h (/app/applet/.next/server/chunks/569.js:1:23307)
    at au (/app/applet/node_modules/next/dist/compiled/next-server/app-page.runtime.dev.js:35:10446)
    at /app/applet/node_modules/next/dist/compiled/next-server/app-page.runtime.dev.js:35:15122
    at aw (/app/applet/node_modules/next/dist/compiled/next-server/app-page.runtime.dev.js:35:16908)
    at a_ (/app/applet/node_modules/next/dist/compiled/next-server/app-page.runtime.dev.js:35:49776)
    at ab (/app/applet/node_modules/next/dist/compiled/next-server/app-page.runtime.dev.js:35:11808)
    at /app/applet/node_modules/next/dist/compiled/next-server/app-page.runtime.dev.js:35:16871
    at aw (/app/applet/node_modules/next/dist/compiled/next-server/app-page.runtime.dev.js:35:16908)
[INTERCEPTED ERROR] 
Error occurred prerendering page "/category/android-apps". Read more: https://nextjs.org/docs/messages/prerender-error

[INTERCEPTED ERROR] TypeError: Cannot read properties of null (reading 'useContext')
    at t.useContext (/app/applet/node_modules/next/dist/compiled/next-server/app-page.runtime.prod.js:12:109421)
    at d (/app/applet/.next/server/chunks/569.js:1:31369)
    at h (/app/applet/.next/server/chunks/569.js:1:23307)
    at au (/app/applet/node_modules/next/dist/compiled/next-server/app-page.runtime.dev.js:35:10446)
    at /app/applet/node_modules/next/dist/compiled/next-server/app-page.runtime.dev.js:35:15122
    at aw (/app/applet/node_modules/next/dist/compiled/next-server/app-page.runtime.dev.js:35:16908)
    at a_ (/app/applet/node_modules/next/dist/compiled/next-server/app-page.runtime.dev.js:35:49776)
    at ab (/app/applet/node_modules/next/dist/compiled/next-server/app-page.runtime.dev.js:35:11808)
    at /app/applet/node_modules/next/dist/compiled/next-server/app-page.runtime.dev.js:35:16871
    at aw (/app/applet/node_modules/next/dist/compiled/next-server/app-page.runtime.dev.js:35:16908)
[INTERCEPTED ERROR] TypeError: Cannot read properties of null (reading 'useContext')
    at t.useContext (/app/applet/node_modules/next/dist/compiled/next-server/app-page.runtime.prod.js:12:109421)
    at d (/app/applet/.next/server/chunks/569.js:1:31369)
    at h (/app/applet/.next/server/chunks/569.js:1:23307)
    at au (/app/applet/node_modules/next/dist/compiled/next-server/app-page.runtime.dev.js:35:10446)
    at /app/applet/node_modules/next/dist/compiled/next-server/app-page.runtime.dev.js:35:15122
    at aw (/app/applet/node_modules/next/dist/compiled/next-server/app-page.runtime.dev.js:35:16908)
    at a_ (/app/applet/node_modules/next/dist/compiled/next-server/app-page.runtime.dev.js:35:49776)
    at ab (/app/applet/node_modules/next/dist/compiled/next-server/app-page.runtime.dev.js:35:11808)
    at /app/applet/node_modules/next/dist/compiled/next-server/app-page.runtime.dev.js:35:16871
    at aw (/app/applet/node_modules/next/dist/compiled/next-server/app-page.runtime.dev.js:35:16908) {
  digest: '11866675'
}
[INTERCEPTED ERROR] TypeError: Cannot read properties of null (reading 'useContext')
    at t.useContext (/app/applet/node_modules/next/dist/compiled/next-server/app-page.runtime.prod.js:12:109421)
    at d (/app/applet/.next/server/chunks/569.js:1:31369)
    at h (/app/applet/.next/server/chunks/569.js:1:23307)
    at au (/app/applet/node_modules/next/dist/compiled/next-server/app-page.runtime.dev.js:35:10446)
    at /app/applet/node_modules/next/dist/compiled/next-server/app-page.runtime.dev.js:35:15122
    at aw (/app/applet/node_modules/next/dist/compiled/next-server/app-page.runtime.dev.js:35:16908)
    at a_ (/app/applet/node_modules/next/dist/compiled/next-server/app-page.runtime.dev.js:35:49776)
    at ab (/app/applet/node_modules/next/dist/compiled/next-server/app-page.runtime.dev.js:35:11808)
    at /app/applet/node_modules/next/dist/compiled/next-server/app-page.runtime.dev.js:35:16871
    at aw (/app/applet/node_modules/next/dist/compiled/next-server/app-page.runtime.dev.js:35:16908)
[INTERCEPTED ERROR] 
Error occurred prerendering page "/r/jiga.host". Read more: https://nextjs.org/docs/messages/prerender-error

[INTERCEPTED ERROR] TypeError: Cannot read properties of null (reading 'useContext')
    at t.useContext (/app/applet/node_modules/next/dist/compiled/next-server/app-page.runtime.prod.js:12:109421)
    at d (/app/applet/.next/server/chunks/569.js:1:31369)
    at h (/app/applet/.next/server/chunks/569.js:1:23307)
    at au (/app/applet/node_modules/next/dist/compiled/next-server/app-page.runtime.dev.js:35:10446)
    at /app/applet/node_modules/next/dist/compiled/next-server/app-page.runtime.dev.js:35:15122
    at aw (/app/applet/node_modules/next/dist/compiled/next-server/app-page.runtime.dev.js:35:16908)
    at a_ (/app/applet/node_modules/next/dist/compiled/next-server/app-page.runtime.dev.js:35:49776)
    at ab (/app/applet/node_modules/next/dist/compiled/next-server/app-page.runtime.dev.js:35:11808)
    at /app/applet/node_modules/next/dist/compiled/next-server/app-page.runtime.dev.js:35:16871
    at aw (/app/applet/node_modules/next/dist/compiled/next-server/app-page.runtime.dev.js:35:16908)
[INTERCEPTED ERROR] TypeError: Cannot read properties of null (reading 'useContext')
    at t.useContext (/app/applet/node_modules/next/dist/compiled/next-server/app-page.runtime.prod.js:12:109421)
    at d (/app/applet/.next/server/chunks/569.js:1:31369)
    at h (/app/applet/.next/server/chunks/569.js:1:23307)
    at au (/app/applet/node_modules/next/dist/compiled/next-server/app-page.runtime.dev.js:35:10446)
    at /app/applet/node_modules/next/dist/compiled/next-server/app-page.runtime.dev.js:35:15122
    at aw (/app/applet/node_modules/next/dist/compiled/next-server/app-page.runtime.dev.js:35:16908)
    at a_ (/app/applet/node_modules/next/dist/compiled/next-server/app-page.runtime.dev.js:35:49776)
    at ab (/app/applet/node_modules/next/dist/compiled/next-server/app-page.runtime.dev.js:35:11808)
    at /app/applet/node_modules/next/dist/compiled/next-server/app-page.runtime.dev.js:35:16871
    at aw (/app/applet/node_modules/next/dist/compiled/next-server/app-page.runtime.dev.js:35:16908) {
  digest: '11866675'
}
[INTERCEPTED ERROR] TypeError: Cannot read properties of null (reading 'useContext')
    at t.useContext (/app/applet/node_modules/next/dist/compiled/next-server/app-page.runtime.prod.js:12:109421)
    at d (/app/applet/.next/server/chunks/569.js:1:31369)
    at h (/app/applet/.next/server/chunks/569.js:1:23307)
    at au (/app/applet/node_modules/next/dist/compiled/next-server/app-page.runtime.dev.js:35:10446)
    at /app/applet/node_modules/next/dist/compiled/next-server/app-page.runtime.dev.js:35:15122
    at aw (/app/applet/node_modules/next/dist/compiled/next-server/app-page.runtime.dev.js:35:16908)
    at a_ (/app/applet/node_modules/next/dist/compiled/next-server/app-page.runtime.dev.js:35:49776)
    at ab (/app/applet/node_modules/next/dist/compiled/next-server/app-page.runtime.dev.js:35:11808)
    at /app/applet/node_modules/next/dist/compiled/next-server/app-page.runtime.dev.js:35:16871
    at aw (/app/applet/node_modules/next/dist/compiled/next-server/app-page.runtime.dev.js:35:16908)
[INTERCEPTED ERROR] 
Error occurred prerendering page "/r/movies-soap2day". Read more: https://nextjs.org/docs/messages/prerender-error

[INTERCEPTED ERROR] TypeError: Cannot read properties of null (reading 'useContext')
    at t.useContext (/app/applet/node_modules/next/dist/compiled/next-server/app-page.runtime.prod.js:12:109421)
    at d (/app/applet/.next/server/chunks/569.js:1:31369)
    at h (/app/applet/.next/server/chunks/569.js:1:23307)
    at au (/app/applet/node_modules/next/dist/compiled/next-server/app-page.runtime.dev.js:35:10446)
    at /app/applet/node_modules/next/dist/compiled/next-server/app-page.runtime.dev.js:35:15122
    at aw (/app/applet/node_modules/next/dist/compiled/next-server/app-page.runtime.dev.js:35:16908)
    at a_ (/app/applet/node_modules/next/dist/compiled/next-server/app-page.runtime.dev.js:35:49776)
    at ab (/app/applet/node_modules/next/dist/compiled/next-server/app-page.runtime.dev.js:35:11808)
    at /app/applet/node_modules/next/dist/compiled/next-server/app-page.runtime.dev.js:35:16871
    at aw (/app/applet/node_modules/next/dist/compiled/next-server/app-page.runtime.dev.js:35:16908)
   Generating static pages (14/56) 
[INTERCEPTED ERROR] TypeError: Cannot read properties of null (reading 'useContext')
    at t.useContext (/app/applet/node_modules/next/dist/compiled/next-server/app-page.runtime.prod.js:12:109421)
    at d (/app/applet/.next/server/chunks/569.js:1:31369)
    at h (/app/applet/.next/server/chunks/569.js:1:23307)
    at au (/app/applet/node_modules/next/dist/compiled/next-server/app-page.runtime.dev.js:35:10446)
    at /app/applet/node_modules/next/dist/compiled/next-server/app-page.runtime.dev.js:35:15122
    at aw (/app/applet/node_modules/next/dist/compiled/next-server/app-page.runtime.dev.js:35:16908)
    at a_ (/app/applet/node_modules/next/dist/compiled/next-server/app-page.runtime.dev.js:35:49776)
    at ab (/app/applet/node_modules/next/dist/compiled/next-server/app-page.runtime.dev.js:35:11808)
    at /app/applet/node_modules/next/dist/compiled/next-server/app-page.runtime.dev.js:35:16871
    at aw (/app/applet/node_modules/next/dist/compiled/next-server/app-page.runtime.dev.js:35:16908) {
  digest: '11866675'
}
[INTERCEPTED ERROR] TypeError: Cannot read properties of null (reading 'useContext')
    at t.useContext (/app/applet/node_modules/next/dist/compiled/next-server/app-page.runtime.prod.js:12:109421)
    at d (/app/applet/.next/server/chunks/569.js:1:31369)
    at h (/app/applet/.next/server/chunks/569.js:1:23307)
    at au (/app/applet/node_modules/next/dist/compiled/next-server/app-page.runtime.dev.js:35:10446)
    at /app/applet/node_modules/next/dist/compiled/next-server/app-page.runtime.dev.js:35:15122
    at aw (/app/applet/node_modules/next/dist/compiled/next-server/app-page.runtime.dev.js:35:16908)
    at a_ (/app/applet/node_modules/next/dist/compiled/next-server/app-page.runtime.dev.js:35:49776)
    at ab (/app/applet/node_modules/next/dist/compiled/next-server/app-page.runtime.dev.js:35:11808)
    at /app/applet/node_modules/next/dist/compiled/next-server/app-page.runtime.dev.js:35:16871
    at aw (/app/applet/node_modules/next/dist/compiled/next-server/app-page.runtime.dev.js:35:16908)
[INTERCEPTED ERROR] 
Error occurred prerendering page "/r/movies-lookmovie". Read more: https://nextjs.org/docs/messages/prerender-error

[INTERCEPTED ERROR] TypeError: Cannot read properties of null (reading 'useContext')
    at t.useContext (/app/applet/node_modules/next/dist/compiled/next-server/app-page.runtime.prod.js:12:109421)
    at d (/app/applet/.next/server/chunks/569.js:1:31369)
    at h (/app/applet/.next/server/chunks/569.js:1:23307)
    at au (/app/applet/node_modules/next/dist/compiled/next-server/app-page.runtime.dev.js:35:10446)
    at /app/applet/node_modules/next/dist/compiled/next-server/app-page.runtime.dev.js:35:15122
    at aw (/app/applet/node_modules/next/dist/compiled/next-server/app-page.runtime.dev.js:35:16908)
    at a_ (/app/applet/node_modules/next/dist/compiled/next-server/app-page.runtime.dev.js:35:49776)
    at ab (/app/applet/node_modules/next/dist/compiled/next-server/app-page.runtime.dev.js:35:11808)
    at /app/applet/node_modules/next/dist/compiled/next-server/app-page.runtime.dev.js:35:16871
    at aw (/app/applet/node_modules/next/dist/compiled/next-server/app-page.runtime.dev.js:35:16908)
[INTERCEPTED ERROR] TypeError: Cannot read properties of null (reading 'useContext')
    at t.useContext (/app/applet/node_modules/next/dist/compiled/next-server/app-page.runtime.prod.js:12:109421)
    at d (/app/applet/.next/server/chunks/569.js:1:31369)
    at h (/app/applet/.next/server/chunks/569.js:1:23307)
    at au (/app/applet/node_modules/next/dist/compiled/next-server/app-page.runtime.dev.js:35:10446)
    at /app/applet/node_modules/next/dist/compiled/next-server/app-page.runtime.dev.js:35:15122
    at aw (/app/applet/node_modules/next/dist/compiled/next-server/app-page.runtime.dev.js:35:16908)
    at a_ (/app/applet/node_modules/next/dist/compiled/next-server/app-page.runtime.dev.js:35:49776)
    at ab (/app/applet/node_modules/next/dist/compiled/next-server/app-page.runtime.dev.js:35:11808)
    at /app/applet/node_modules/next/dist/compiled/next-server/app-page.runtime.dev.js:35:16871
    at aw (/app/applet/node_modules/next/dist/compiled/next-server/app-page.runtime.dev.js:35:16908) {
  digest: '11866675'
}
[INTERCEPTED ERROR] TypeError: Cannot read properties of null (reading 'useContext')
    at t.useContext (/app/applet/node_modules/next/dist/compiled/next-server/app-page.runtime.prod.js:12:109421)
    at d (/app/applet/.next/server/chunks/569.js:1:31369)
    at h (/app/applet/.next/server/chunks/569.js:1:23307)
    at au (/app/applet/node_modules/next/dist/compiled/next-server/app-page.runtime.dev.js:35:10446)
    at /app/applet/node_modules/next/dist/compiled/next-server/app-page.runtime.dev.js:35:15122
    at aw (/app/applet/node_modules/next/dist/compiled/next-server/app-page.runtime.dev.js:35:16908)
    at a_ (/app/applet/node_modules/next/dist/compiled/next-server/app-page.runtime.dev.js:35:49776)
    at ab (/app/applet/node_modules/next/dist/compiled/next-server/app-page.runtime.dev.js:35:11808)
    at /app/applet/node_modules/next/dist/compiled/next-server/app-page.runtime.dev.js:35:16871
    at aw (/app/applet/node_modules/next/dist/compiled/next-server/app-page.runtime.dev.js:35:16908)
[INTERCEPTED ERROR] 
Error occurred prerendering page "/r/movies-yts". Read more: https://nextjs.org/docs/messages/prerender-error

[INTERCEPTED ERROR] TypeError: Cannot read properties of null (reading 'useContext')
    at t.useContext (/app/applet/node_modules/next/dist/compiled/next-server/app-page.runtime.prod.js:12:109421)
    at d (/app/applet/.next/server/chunks/569.js:1:31369)
    at h (/app/applet/.next/server/chunks/569.js:1:23307)
    at au (/app/applet/node_modules/next/dist/compiled/next-server/app-page.runtime.dev.js:35:10446)
    at /app/applet/node_modules/next/dist/compiled/next-server/app-page.runtime.dev.js:35:15122
    at aw (/app/applet/node_modules/next/dist/compiled/next-server/app-page.runtime.dev.js:35:16908)
    at a_ (/app/applet/node_modules/next/dist/compiled/next-server/app-page.runtime.dev.js:35:49776)
    at ab (/app/applet/node_modules/next/dist/compiled/next-server/app-page.runtime.dev.js:35:11808)
    at /app/applet/node_modules/next/dist/compiled/next-server/app-page.runtime.dev.js:35:16871
    at aw (/app/applet/node_modules/next/dist/compiled/next-server/app-page.runtime.dev.js:35:16908)
[INTERCEPTED ERROR] TypeError: Cannot read properties of null (reading 'useContext')
    at t.useContext (/app/applet/node_modules/next/dist/compiled/next-server/app-page.runtime.prod.js:12:109421)
    at d (/app/applet/.next/server/chunks/569.js:1:31369)
    at h (/app/applet/.next/server/chunks/569.js:1:23307)
    at au (/app/applet/node_modules/next/dist/compiled/next-server/app-page.runtime.dev.js:35:10446)
    at /app/applet/node_modules/next/dist/compiled/next-server/app-page.runtime.dev.js:35:15122
    at aw (/app/applet/node_modules/next/dist/compiled/next-server/app-page.runtime.dev.js:35:16908)
    at a_ (/app/applet/node_modules/next/dist/compiled/next-server/app-page.runtime.dev.js:35:49776)
    at ab (/app/applet/node_modules/next/dist/compiled/next-server/app-page.runtime.dev.js:35:11808)
    at /app/applet/node_modules/next/dist/compiled/next-server/app-page.runtime.dev.js:35:16871
    at aw (/app/applet/node_modules/next/dist/compiled/next-server/app-page.runtime.dev.js:35:16908) {
  digest: '11866675'
}
[INTERCEPTED ERROR] TypeError: Cannot read properties of null (reading 'useContext')
    at t.useContext (/app/applet/node_modules/next/dist/compiled/next-server/app-page.runtime.prod.js:12:109421)
    at d (/app/applet/.next/server/chunks/569.js:1:31369)
    at h (/app/applet/.next/server/chunks/569.js:1:23307)
    at au (/app/applet/node_modules/next/dist/compiled/next-server/app-page.runtime.dev.js:35:10446)
    at /app/applet/node_modules/next/dist/compiled/next-server/app-page.runtime.dev.js:35:15122
    at aw (/app/applet/node_modules/next/dist/compiled/next-server/app-page.runtime.dev.js:35:16908)
    at a_ (/app/applet/node_modules/next/dist/compiled/next-server/app-page.runtime.dev.js:35:49776)
    at ab (/app/applet/node_modules/next/dist/compiled/next-server/app-page.runtime.dev.js:35:11808)
    at /app/applet/node_modules/next/dist/compiled/next-server/app-page.runtime.dev.js:35:16871
    at aw (/app/applet/node_modules/next/dist/compiled/next-server/app-page.runtime.dev.js:35:16908)
[INTERCEPTED ERROR] 
Error occurred prerendering page "/r/movies-1337x". Read more: https://nextjs.org/docs/messages/prerender-error

[INTERCEPTED ERROR] TypeError: Cannot read properties of null (reading 'useContext')
    at t.useContext (/app/applet/node_modules/next/dist/compiled/next-server/app-page.runtime.prod.js:12:109421)
    at d (/app/applet/.next/server/chunks/569.js:1:31369)
    at h (/app/applet/.next/server/chunks/569.js:1:23307)
    at au (/app/applet/node_modules/next/dist/compiled/next-server/app-page.runtime.dev.js:35:10446)
    at /app/applet/node_modules/next/dist/compiled/next-server/app-page.runtime.dev.js:35:15122
    at aw (/app/applet/node_modules/next/dist/compiled/next-server/app-page.runtime.dev.js:35:16908)
    at a_ (/app/applet/node_modules/next/dist/compiled/next-server/app-page.runtime.dev.js:35:49776)
    at ab (/app/applet/node_modules/next/dist/compiled/next-server/app-page.runtime.dev.js:35:11808)
    at /app/applet/node_modules/next/dist/compiled/next-server/app-page.runtime.dev.js:35:16871
    at aw (/app/applet/node_modules/next/dist/compiled/next-server/app-page.runtime.dev.js:35:16908)
[INTERCEPTED ERROR] TypeError: Cannot read properties of null (reading 'useContext')
    at t.useContext (/app/applet/node_modules/next/dist/compiled/next-server/app-page.runtime.prod.js:12:109421)
    at d (/app/applet/.next/server/chunks/569.js:1:31369)
    at h (/app/applet/.next/server/chunks/569.js:1:23307)
    at au (/app/applet/node_modules/next/dist/compiled/next-server/app-page.runtime.dev.js:35:10446)
    at /app/applet/node_modules/next/dist/compiled/next-server/app-page.runtime.dev.js:35:15122
    at aw (/app/applet/node_modules/next/dist/compiled/next-server/app-page.runtime.dev.js:35:16908)
    at a_ (/app/applet/node_modules/next/dist/compiled/next-server/app-page.runtime.dev.js:35:49776)
    at ab (/app/applet/node_modules/next/dist/compiled/next-server/app-page.runtime.dev.js:35:11808)
    at /app/applet/node_modules/next/dist/compiled/next-server/app-page.runtime.dev.js:35:16871
    at aw (/app/applet/node_modules/next/dist/compiled/next-server/app-page.runtime.dev.js:35:16908) {
  digest: '11866675'
}
[INTERCEPTED ERROR] TypeError: Cannot read properties of null (reading 'useContext')
    at t.useContext (/app/applet/node_modules/next/dist/compiled/next-server/app-page.runtime.prod.js:12:109421)
    at d (/app/applet/.next/server/chunks/569.js:1:31369)
    at h (/app/applet/.next/server/chunks/569.js:1:23307)
    at au (/app/applet/node_modules/next/dist/compiled/next-server/app-page.runtime.dev.js:35:10446)
    at /app/applet/node_modules/next/dist/compiled/next-server/app-page.runtime.dev.js:35:15122
    at aw (/app/applet/node_modules/next/dist/compiled/next-server/app-page.runtime.dev.js:35:16908)
    at a_ (/app/applet/node_modules/next/dist/compiled/next-server/app-page.runtime.dev.js:35:49776)
    at ab (/app/applet/node_modules/next/dist/compiled/next-server/app-page.runtime.dev.js:35:11808)
    at /app/applet/node_modules/next/dist/compiled/next-server/app-page.runtime.dev.js:35:16871
    at aw (/app/applet/node_modules/next/dist/compiled/next-server/app-page.runtime.dev.js:35:16908)
[INTERCEPTED ERROR] 
Error occurred prerendering page "/r/movies-stremio". Read more: https://nextjs.org/docs/messages/prerender-error

[INTERCEPTED ERROR] TypeError: Cannot read properties of null (reading 'useContext')
    at t.useContext (/app/applet/node_modules/next/dist/compiled/next-server/app-page.runtime.prod.js:12:109421)
    at d (/app/applet/.next/server/chunks/569.js:1:31369)
    at h (/app/applet/.next/server/chunks/569.js:1:23307)
    at au (/app/applet/node_modules/next/dist/compiled/next-server/app-page.runtime.dev.js:35:10446)
    at /app/applet/node_modules/next/dist/compiled/next-server/app-page.runtime.dev.js:35:15122
    at aw (/app/applet/node_modules/next/dist/compiled/next-server/app-page.runtime.dev.js:35:16908)
    at a_ (/app/applet/node_modules/next/dist/compiled/next-server/app-page.runtime.dev.js:35:49776)
    at ab (/app/applet/node_modules/next/dist/compiled/next-server/app-page.runtime.dev.js:35:11808)
    at /app/applet/node_modules/next/dist/compiled/next-server/app-page.runtime.dev.js:35:16871
    at aw (/app/applet/node_modules/next/dist/compiled/next-server/app-page.runtime.dev.js:35:16908)
[INTERCEPTED ERROR] TypeError: Cannot read properties of null (reading 'useContext')
    at t.useContext (/app/applet/node_modules/next/dist/compiled/next-server/app-page.runtime.prod.js:12:109421)
    at d (/app/applet/.next/server/chunks/569.js:1:31369)
    at h (/app/applet/.next/server/chunks/569.js:1:23307)
    at au (/app/applet/node_modules/next/dist/compiled/next-server/app-page.runtime.dev.js:35:10446)
    at /app/applet/node_modules/next/dist/compiled/next-server/app-page.runtime.dev.js:35:15122
    at aw (/app/applet/node_modules/next/dist/compiled/next-server/app-page.runtime.dev.js:35:16908)
    at a_ (/app/applet/node_modules/next/dist/compiled/next-server/app-page.runtime.dev.js:35:49776)
    at ab (/app/applet/node_modules/next/dist/compiled/next-server/app-page.runtime.dev.js:35:11808)
    at /app/applet/node_modules/next/dist/compiled/next-server/app-page.runtime.dev.js:35:16871
    at aw (/app/applet/node_modules/next/dist/compiled/next-server/app-page.runtime.dev.js:35:16908) {
  digest: '11866675'
}
[INTERCEPTED ERROR] TypeError: Cannot read properties of null (reading 'useContext')
    at t.useContext (/app/applet/node_modules/next/dist/compiled/next-server/app-page.runtime.prod.js:12:109421)
    at d (/app/applet/.next/server/chunks/569.js:1:31369)
    at h (/app/applet/.next/server/chunks/569.js:1:23307)
    at au (/app/applet/node_modules/next/dist/compiled/next-server/app-page.runtime.dev.js:35:10446)
    at /app/applet/node_modules/next/dist/compiled/next-server/app-page.runtime.dev.js:35:15122
    at aw (/app/applet/node_modules/next/dist/compiled/next-server/app-page.runtime.dev.js:35:16908)
    at a_ (/app/applet/node_modules/next/dist/compiled/next-server/app-page.runtime.dev.js:35:49776)
    at ab (/app/applet/node_modules/next/dist/compiled/next-server/app-page.runtime.dev.js:35:11808)
    at /app/applet/node_modules/next/dist/compiled/next-server/app-page.runtime.dev.js:35:16871
    at aw (/app/applet/node_modules/next/dist/compiled/next-server/app-page.runtime.dev.js:35:16908)
[INTERCEPTED ERROR] 
Error occurred prerendering page "/r/movies-kodi". Read more: https://nextjs.org/docs/messages/prerender-error

[INTERCEPTED ERROR] TypeError: Cannot read properties of null (reading 'useContext')
    at t.useContext (/app/applet/node_modules/next/dist/compiled/next-server/app-page.runtime.prod.js:12:109421)
    at d (/app/applet/.next/server/chunks/569.js:1:31369)
    at h (/app/applet/.next/server/chunks/569.js:1:23307)
    at au (/app/applet/node_modules/next/dist/compiled/next-server/app-page.runtime.dev.js:35:10446)
    at /app/applet/node_modules/next/dist/compiled/next-server/app-page.runtime.dev.js:35:15122
    at aw (/app/applet/node_modules/next/dist/compiled/next-server/app-page.runtime.dev.js:35:16908)
    at a_ (/app/applet/node_modules/next/dist/compiled/next-server/app-page.runtime.dev.js:35:49776)
    at ab (/app/applet/node_modules/next/dist/compiled/next-server/app-page.runtime.dev.js:35:11808)
    at /app/applet/node_modules/next/dist/compiled/next-server/app-page.runtime.dev.js:35:16871
    at aw (/app/applet/node_modules/next/dist/compiled/next-server/app-page.runtime.dev.js:35:16908)
[INTERCEPTED ERROR] TypeError: Cannot read properties of null (reading 'useContext')
    at t.useContext (/app/applet/node_modules/next/dist/compiled/next-server/app-page.runtime.prod.js:12:109421)
    at d (/app/applet/.next/server/chunks/569.js:1:31369)
    at h (/app/applet/.next/server/chunks/569.js:1:23307)
    at au (/app/applet/node_modules/next/dist/compiled/next-server/app-page.runtime.dev.js:35:10446)
    at /app/applet/node_modules/next/dist/compiled/next-server/app-page.runtime.dev.js:35:15122
    at aw (/app/applet/node_modules/next/dist/compiled/next-server/app-page.runtime.dev.js:35:16908)
    at a_ (/app/applet/node_modules/next/dist/compiled/next-server/app-page.runtime.dev.js:35:49776)
    at ab (/app/applet/node_modules/next/dist/compiled/next-server/app-page.runtime.dev.js:35:11808)
    at /app/applet/node_modules/next/dist/compiled/next-server/app-page.runtime.dev.js:35:16871
    at aw (/app/applet/node_modules/next/dist/compiled/next-server/app-page.runtime.dev.js:35:16908) {
  digest: '11866675'
}
[INTERCEPTED ERROR] TypeError: Cannot read properties of null (reading 'useContext')
    at t.useContext (/app/applet/node_modules/next/dist/compiled/next-server/app-page.runtime.prod.js:12:109421)
    at d (/app/applet/.next/server/chunks/569.js:1:31369)
    at h (/app/applet/.next/server/chunks/569.js:1:23307)
    at au (/app/applet/node_modules/next/dist/compiled/next-server/app-page.runtime.dev.js:35:10446)
    at /app/applet/node_modules/next/dist/compiled/next-server/app-page.runtime.dev.js:35:15122
    at aw (/app/applet/node_modules/next/dist/compiled/next-server/app-page.runtime.dev.js:35:16908)
    at a_ (/app/applet/node_modules/next/dist/compiled/next-server/app-page.runtime.dev.js:35:49776)
    at ab (/app/applet/node_modules/next/dist/compiled/next-server/app-page.runtime.dev.js:35:11808)
    at /app/applet/node_modules/next/dist/compiled/next-server/app-page.runtime.dev.js:35:16871
    at aw (/app/applet/node_modules/next/dist/compiled/next-server/app-page.runtime.dev.js:35:16908)
[INTERCEPTED ERROR] 
Error occurred prerendering page "/r/movies-moviemania". Read more: https://nextjs.org/docs/messages/prerender-error

[INTERCEPTED ERROR] TypeError: Cannot read properties of null (reading 'useContext')
    at t.useContext (/app/applet/node_modules/next/dist/compiled/next-server/app-page.runtime.prod.js:12:109421)
    at d (/app/applet/.next/server/chunks/569.js:1:31369)
    at h (/app/applet/.next/server/chunks/569.js:1:23307)
    at au (/app/applet/node_modules/next/dist/compiled/next-server/app-page.runtime.dev.js:35:10446)
    at /app/applet/node_modules/next/dist/compiled/next-server/app-page.runtime.dev.js:35:15122
    at aw (/app/applet/node_modules/next/dist/compiled/next-server/app-page.runtime.dev.js:35:16908)
    at a_ (/app/applet/node_modules/next/dist/compiled/next-server/app-page.runtime.dev.js:35:49776)
    at ab (/app/applet/node_modules/next/dist/compiled/next-server/app-page.runtime.dev.js:35:11808)
    at /app/applet/node_modules/next/dist/compiled/next-server/app-page.runtime.dev.js:35:16871
    at aw (/app/applet/node_modules/next/dist/compiled/next-server/app-page.runtime.dev.js:35:16908)
[INTERCEPTED ERROR] TypeError: Cannot read properties of null (reading 'useContext')
    at t.useContext (/app/applet/node_modules/next/dist/compiled/next-server/app-page.runtime.prod.js:12:109421)
    at d (/app/applet/.next/server/chunks/569.js:1:31369)
    at h (/app/applet/.next/server/chunks/569.js:1:23307)
    at au (/app/applet/node_modules/next/dist/compiled/next-server/app-page.runtime.dev.js:35:10446)
    at /app/applet/node_modules/next/dist/compiled/next-server/app-page.runtime.dev.js:35:15122
    at aw (/app/applet/node_modules/next/dist/compiled/next-server/app-page.runtime.dev.js:35:16908)
    at a_ (/app/applet/node_modules/next/dist/compiled/next-server/app-page.runtime.dev.js:35:49776)
    at ab (/app/applet/node_modules/next/dist/compiled/next-server/app-page.runtime.dev.js:35:11808)
    at /app/applet/node_modules/next/dist/compiled/next-server/app-page.runtime.dev.js:35:16871
    at aw (/app/applet/node_modules/next/dist/compiled/next-server/app-page.runtime.dev.js:35:16908) {
  digest: '11866675'
}
[INTERCEPTED ERROR] TypeError: Cannot read properties of null (reading 'useContext')
    at t.useContext (/app/applet/node_modules/next/dist/compiled/next-server/app-page.runtime.prod.js:12:109421)
    at d (/app/applet/.next/server/chunks/569.js:1:31369)
    at h (/app/applet/.next/server/chunks/569.js:1:23307)
    at au (/app/applet/node_modules/next/dist/compiled/next-server/app-page.runtime.dev.js:35:10446)
    at /app/applet/node_modules/next/dist/compiled/next-server/app-page.runtime.dev.js:35:15122
    at aw (/app/applet/node_modules/next/dist/compiled/next-server/app-page.runtime.dev.js:35:16908)
    at a_ (/app/applet/node_modules/next/dist/compiled/next-server/app-page.runtime.dev.js:35:49776)
    at ab (/app/applet/node_modules/next/dist/compiled/next-server/app-page.runtime.dev.js:35:11808)
    at /app/applet/node_modules/next/dist/compiled/next-server/app-page.runtime.dev.js:35:16871
    at aw (/app/applet/node_modules/next/dist/compiled/next-server/app-page.runtime.dev.js:35:16908)
[INTERCEPTED ERROR] 
Error occurred prerendering page "/r/movies-fmovies". Read more: https://nextjs.org/docs/messages/prerender-error

[INTERCEPTED ERROR] TypeError: Cannot read properties of null (reading 'useContext')
    at t.useContext (/app/applet/node_modules/next/dist/compiled/next-server/app-page.runtime.prod.js:12:109421)
    at d (/app/applet/.next/server/chunks/569.js:1:31369)
    at h (/app/applet/.next/server/chunks/569.js:1:23307)
    at au (/app/applet/node_modules/next/dist/compiled/next-server/app-page.runtime.dev.js:35:10446)
    at /app/applet/node_modules/next/dist/compiled/next-server/app-page.runtime.dev.js:35:15122
    at aw (/app/applet/node_modules/next/dist/compiled/next-server/app-page.runtime.dev.js:35:16908)
    at a_ (/app/applet/node_modules/next/dist/compiled/next-server/app-page.runtime.dev.js:35:49776)
    at ab (/app/applet/node_modules/next/dist/compiled/next-server/app-page.runtime.dev.js:35:11808)
    at /app/applet/node_modules/next/dist/compiled/next-server/app-page.runtime.dev.js:35:16871
    at aw (/app/applet/node_modules/next/dist/compiled/next-server/app-page.runtime.dev.js:35:16908)
[INTERCEPTED ERROR] TypeError: Cannot read properties of null (reading 'useContext')
    at t.useContext (/app/applet/node_modules/next/dist/compiled/next-server/app-page.runtime.prod.js:12:109421)
    at d (/app/applet/.next/server/chunks/569.js:1:31369)
    at h (/app/applet/.next/server/chunks/569.js:1:23307)
    at au (/app/applet/node_modules/next/dist/compiled/next-server/app-page.runtime.dev.js:35:10446)
    at /app/applet/node_modules/next/dist/compiled/next-server/app-page.runtime.dev.js:35:15122
    at aw (/app/applet/node_modules/next/dist/compiled/next-server/app-page.runtime.dev.js:35:16908)
    at a_ (/app/applet/node_modules/next/dist/compiled/next-server/app-page.runtime.dev.js:35:49776)
    at ab (/app/applet/node_modules/next/dist/compiled/next-server/app-page.runtime.dev.js:35:11808)
    at /app/applet/node_modules/next/dist/compiled/next-server/app-page.runtime.dev.js:35:16871
    at aw (/app/applet/node_modules/next/dist/compiled/next-server/app-page.runtime.dev.js:35:16908) {
  digest: '11866675'
}
[INTERCEPTED ERROR] TypeError: Cannot read properties of null (reading 'useContext')
    at t.useContext (/app/applet/node_modules/next/dist/compiled/next-server/app-page.runtime.prod.js:12:109421)
    at d (/app/applet/.next/server/chunks/569.js:1:31369)
    at h (/app/applet/.next/server/chunks/569.js:1:23307)
    at au (/app/applet/node_modules/next/dist/compiled/next-server/app-page.runtime.dev.js:35:10446)
    at /app/applet/node_modules/next/dist/compiled/next-server/app-page.runtime.dev.js:35:15122
    at aw (/app/applet/node_modules/next/dist/compiled/next-server/app-page.runtime.dev.js:35:16908)
    at a_ (/app/applet/node_modules/next/dist/compiled/next-server/app-page.runtime.dev.js:35:49776)
    at ab (/app/applet/node_modules/next/dist/compiled/next-server/app-page.runtime.dev.js:35:11808)
    at /app/applet/node_modules/next/dist/compiled/next-server/app-page.runtime.dev.js:35:16871
    at aw (/app/applet/node_modules/next/dist/compiled/next-server/app-page.runtime.dev.js:35:16908)
[INTERCEPTED ERROR] 
Error occurred prerendering page "/r/movies-tubitv". Read more: https://nextjs.org/docs/messages/prerender-error

[INTERCEPTED ERROR] TypeError: Cannot read properties of null (reading 'useContext')
    at t.useContext (/app/applet/node_modules/next/dist/compiled/next-server/app-page.runtime.prod.js:12:109421)
    at d (/app/applet/.next/server/chunks/569.js:1:31369)
    at h (/app/applet/.next/server/chunks/569.js:1:23307)
    at au (/app/applet/node_modules/next/dist/compiled/next-server/app-page.runtime.dev.js:35:10446)
    at /app/applet/node_modules/next/dist/compiled/next-server/app-page.runtime.dev.js:35:15122
    at aw (/app/applet/node_modules/next/dist/compiled/next-server/app-page.runtime.dev.js:35:16908)
    at a_ (/app/applet/node_modules/next/dist/compiled/next-server/app-page.runtime.dev.js:35:49776)
    at ab (/app/applet/node_modules/next/dist/compiled/next-server/app-page.runtime.dev.js:35:11808)
    at /app/applet/node_modules/next/dist/compiled/next-server/app-page.runtime.dev.js:35:16871
    at aw (/app/applet/node_modules/next/dist/compiled/next-server/app-page.runtime.dev.js:35:16908)
[INTERCEPTED ERROR] TypeError: Cannot read properties of null (reading 'useContext')
    at t.useContext (/app/applet/node_modules/next/dist/compiled/next-server/app-page.runtime.prod.js:12:109421)
    at d (/app/applet/.next/server/chunks/569.js:1:31369)
    at h (/app/applet/.next/server/chunks/569.js:1:23307)
    at au (/app/applet/node_modules/next/dist/compiled/next-server/app-page.runtime.dev.js:35:10446)
    at /app/applet/node_modules/next/dist/compiled/next-server/app-page.runtime.dev.js:35:15122
    at aw (/app/applet/node_modules/next/dist/compiled/next-server/app-page.runtime.dev.js:35:16908)
    at a_ (/app/applet/node_modules/next/dist/compiled/next-server/app-page.runtime.dev.js:35:49776)
    at ab (/app/applet/node_modules/next/dist/compiled/next-server/app-page.runtime.dev.js:35:11808)
    at /app/applet/node_modules/next/dist/compiled/next-server/app-page.runtime.dev.js:35:16871
    at aw (/app/applet/node_modules/next/dist/compiled/next-server/app-page.runtime.dev.js:35:16908) {
  digest: '11866675'
}
[INTERCEPTED ERROR] TypeError: Cannot read properties of null (reading 'useContext')
    at t.useContext (/app/applet/node_modules/next/dist/compiled/next-server/app-page.runtime.prod.js:12:109421)
    at d (/app/applet/.next/server/chunks/569.js:1:31369)
    at h (/app/applet/.next/server/chunks/569.js:1:23307)
    at au (/app/applet/node_modules/next/dist/compiled/next-server/app-page.runtime.dev.js:35:10446)
    at /app/applet/node_modules/next/dist/compiled/next-server/app-page.runtime.dev.js:35:15122
    at aw (/app/applet/node_modules/next/dist/compiled/next-server/app-page.runtime.dev.js:35:16908)
    at a_ (/app/applet/node_modules/next/dist/compiled/next-server/app-page.runtime.dev.js:35:49776)
    at ab (/app/applet/node_modules/next/dist/compiled/next-server/app-page.runtime.dev.js:35:11808)
    at /app/applet/node_modules/next/dist/compiled/next-server/app-page.runtime.dev.js:35:16871
    at aw (/app/applet/node_modules/next/dist/compiled/next-server/app-page.runtime.dev.js:35:16908)
[INTERCEPTED ERROR] 
Error occurred prerendering page "/r/movies-netflix". Read more: https://nextjs.org/docs/messages/prerender-error

[INTERCEPTED ERROR] TypeError: Cannot read properties of null (reading 'useContext')
    at t.useContext (/app/applet/node_modules/next/dist/compiled/next-server/app-page.runtime.prod.js:12:109421)
    at d (/app/applet/.next/server/chunks/569.js:1:31369)
    at h (/app/applet/.next/server/chunks/569.js:1:23307)
    at au (/app/applet/node_modules/next/dist/compiled/next-server/app-page.runtime.dev.js:35:10446)
    at /app/applet/node_modules/next/dist/compiled/next-server/app-page.runtime.dev.js:35:15122
    at aw (/app/applet/node_modules/next/dist/compiled/next-server/app-page.runtime.dev.js:35:16908)
    at a_ (/app/applet/node_modules/next/dist/compiled/next-server/app-page.runtime.dev.js:35:49776)
    at ab (/app/applet/node_modules/next/dist/compiled/next-server/app-page.runtime.dev.js:35:11808)
    at /app/applet/node_modules/next/dist/compiled/next-server/app-page.runtime.dev.js:35:16871
    at aw (/app/applet/node_modules/next/dist/compiled/next-server/app-page.runtime.dev.js:35:16908)
[INTERCEPTED ERROR] TypeError: Cannot read properties of null (reading 'useContext')
    at t.useContext (/app/applet/node_modules/next/dist/compiled/next-server/app-page.runtime.prod.js:12:109421)
    at d (/app/applet/.next/server/chunks/569.js:1:31369)
    at h (/app/applet/.next/server/chunks/569.js:1:23307)
    at au (/app/applet/node_modules/next/dist/compiled/next-server/app-page.runtime.dev.js:35:10446)
    at /app/applet/node_modules/next/dist/compiled/next-server/app-page.runtime.dev.js:35:15122
    at aw (/app/applet/node_modules/next/dist/compiled/next-server/app-page.runtime.dev.js:35:16908)
    at a_ (/app/applet/node_modules/next/dist/compiled/next-server/app-page.runtime.dev.js:35:49776)
    at ab (/app/applet/node_modules/next/dist/compiled/next-server/app-page.runtime.dev.js:35:11808)
    at /app/applet/node_modules/next/dist/compiled/next-server/app-page.runtime.dev.js:35:16871
    at aw (/app/applet/node_modules/next/dist/compiled/next-server/app-page.runtime.dev.js:35:16908) {
  digest: '11866675'
}
[INTERCEPTED ERROR] TypeError: Cannot read properties of null (reading 'useContext')
    at t.useContext (/app/applet/node_modules/next/dist/compiled/next-server/app-page.runtime.prod.js:12:109421)
    at d (/app/applet/.next/server/chunks/569.js:1:31369)
    at h (/app/applet/.next/server/chunks/569.js:1:23307)
    at au (/app/applet/node_modules/next/dist/compiled/next-server/app-page.runtime.dev.js:35:10446)
    at /app/applet/node_modules/next/dist/compiled/next-server/app-page.runtime.dev.js:35:15122
    at aw (/app/applet/node_modules/next/dist/compiled/next-server/app-page.runtime.dev.js:35:16908)
    at a_ (/app/applet/node_modules/next/dist/compiled/next-server/app-page.runtime.dev.js:35:49776)
    at ab (/app/applet/node_modules/next/dist/compiled/next-server/app-page.runtime.dev.js:35:11808)
    at /app/applet/node_modules/next/dist/compiled/next-server/app-page.runtime.dev.js:35:16871
    at aw (/app/applet/node_modules/next/dist/compiled/next-server/app-page.runtime.dev.js:35:16908)
[INTERCEPTED ERROR] 
Error occurred prerendering page "/r/tv-eztv". Read more: https://nextjs.org/docs/messages/prerender-error

[INTERCEPTED ERROR] TypeError: Cannot read properties of null (reading 'useContext')
    at t.useContext (/app/applet/node_modules/next/dist/compiled/next-server/app-page.runtime.prod.js:12:109421)
    at d (/app/applet/.next/server/chunks/569.js:1:31369)
    at h (/app/applet/.next/server/chunks/569.js:1:23307)
    at au (/app/applet/node_modules/next/dist/compiled/next-server/app-page.runtime.dev.js:35:10446)
    at /app/applet/node_modules/next/dist/compiled/next-server/app-page.runtime.dev.js:35:15122
    at aw (/app/applet/node_modules/next/dist/compiled/next-server/app-page.runtime.dev.js:35:16908)
    at a_ (/app/applet/node_modules/next/dist/compiled/next-server/app-page.runtime.dev.js:35:49776)
    at ab (/app/applet/node_modules/next/dist/compiled/next-server/app-page.runtime.dev.js:35:11808)
    at /app/applet/node_modules/next/dist/compiled/next-server/app-page.runtime.dev.js:35:16871
    at aw (/app/applet/node_modules/next/dist/compiled/next-server/app-page.runtime.dev.js:35:16908)
[INTERCEPTED ERROR] TypeError: Cannot read properties of null (reading 'useContext')
    at t.useContext (/app/applet/node_modules/next/dist/compiled/next-server/app-page.runtime.prod.js:12:109421)
    at d (/app/applet/.next/server/chunks/569.js:1:31369)
    at h (/app/applet/.next/server/chunks/569.js:1:23307)
    at au (/app/applet/node_modules/next/dist/compiled/next-server/app-page.runtime.dev.js:35:10446)
    at /app/applet/node_modules/next/dist/compiled/next-server/app-page.runtime.dev.js:35:15122
    at aw (/app/applet/node_modules/next/dist/compiled/next-server/app-page.runtime.dev.js:35:16908)
    at a_ (/app/applet/node_modules/next/dist/compiled/next-server/app-page.runtime.dev.js:35:49776)
    at ab (/app/applet/node_modules/next/dist/compiled/next-server/app-page.runtime.dev.js:35:11808)
    at /app/applet/node_modules/next/dist/compiled/next-server/app-page.runtime.dev.js:35:16871
    at aw (/app/applet/node_modules/next/dist/compiled/next-server/app-page.runtime.dev.js:35:16908) {
  digest: '11866675'
}
[INTERCEPTED ERROR] TypeError: Cannot read properties of null (reading 'useContext')
    at t.useContext (/app/applet/node_modules/next/dist/compiled/next-server/app-page.runtime.prod.js:12:109421)
    at d (/app/applet/.next/server/chunks/569.js:1:31369)
    at h (/app/applet/.next/server/chunks/569.js:1:23307)
    at au (/app/applet/node_modules/next/dist/compiled/next-server/app-page.runtime.dev.js:35:10446)
    at /app/applet/node_modules/next/dist/compiled/next-server/app-page.runtime.dev.js:35:15122
    at aw (/app/applet/node_modules/next/dist/compiled/next-server/app-page.runtime.dev.js:35:16908)
    at a_ (/app/applet/node_modules/next/dist/compiled/next-server/app-page.runtime.dev.js:35:49776)
    at ab (/app/applet/node_modules/next/dist/compiled/next-server/app-page.runtime.dev.js:35:11808)
    at /app/applet/node_modules/next/dist/compiled/next-server/app-page.runtime.dev.js:35:16871
    at aw (/app/applet/node_modules/next/dist/compiled/next-server/app-page.runtime.dev.js:35:16908)
[INTERCEPTED ERROR] 
Error occurred prerendering page "/r/tv-sonarr". Read more: https://nextjs.org/docs/messages/prerender-error

[INTERCEPTED ERROR] TypeError: Cannot read properties of null (reading 'useContext')
    at t.useContext (/app/applet/node_modules/next/dist/compiled/next-server/app-page.runtime.prod.js:12:109421)
    at d (/app/applet/.next/server/chunks/569.js:1:31369)
    at h (/app/applet/.next/server/chunks/569.js:1:23307)
    at au (/app/applet/node_modules/next/dist/compiled/next-server/app-page.runtime.dev.js:35:10446)
    at /app/applet/node_modules/next/dist/compiled/next-server/app-page.runtime.dev.js:35:15122
    at aw (/app/applet/node_modules/next/dist/compiled/next-server/app-page.runtime.dev.js:35:16908)
    at a_ (/app/applet/node_modules/next/dist/compiled/next-server/app-page.runtime.dev.js:35:49776)
    at ab (/app/applet/node_modules/next/dist/compiled/next-server/app-page.runtime.dev.js:35:11808)
    at /app/applet/node_modules/next/dist/compiled/next-server/app-page.runtime.dev.js:35:16871
    at aw (/app/applet/node_modules/next/dist/compiled/next-server/app-page.runtime.dev.js:35:16908)
[INTERCEPTED ERROR] TypeError: Cannot read properties of null (reading 'useContext')
    at t.useContext (/app/applet/node_modules/next/dist/compiled/next-server/app-page.runtime.prod.js:12:109421)
    at d (/app/applet/.next/server/chunks/569.js:1:31369)
    at h (/app/applet/.next/server/chunks/569.js:1:23307)
    at au (/app/applet/node_modules/next/dist/compiled/next-server/app-page.runtime.dev.js:35:10446)
    at /app/applet/node_modules/next/dist/compiled/next-server/app-page.runtime.dev.js:35:15122
    at aw (/app/applet/node_modules/next/dist/compiled/next-server/app-page.runtime.dev.js:35:16908)
    at a_ (/app/applet/node_modules/next/dist/compiled/next-server/app-page.runtime.dev.js:35:49776)
    at ab (/app/applet/node_modules/next/dist/compiled/next-server/app-page.runtime.dev.js:35:11808)
    at /app/applet/node_modules/next/dist/compiled/next-server/app-page.runtime.dev.js:35:16871
    at aw (/app/applet/node_modules/next/dist/compiled/next-server/app-page.runtime.dev.js:35:16908) {
  digest: '11866675'
}
[INTERCEPTED ERROR] TypeError: Cannot read properties of null (reading 'useContext')
    at t.useContext (/app/applet/node_modules/next/dist/compiled/next-server/app-page.runtime.prod.js:12:109421)
    at d (/app/applet/.next/server/chunks/569.js:1:31369)
    at h (/app/applet/.next/server/chunks/569.js:1:23307)
    at au (/app/applet/node_modules/next/dist/compiled/next-server/app-page.runtime.dev.js:35:10446)
    at /app/applet/node_modules/next/dist/compiled/next-server/app-page.runtime.dev.js:35:15122
    at aw (/app/applet/node_modules/next/dist/compiled/next-server/app-page.runtime.dev.js:35:16908)
    at a_ (/app/applet/node_modules/next/dist/compiled/next-server/app-page.runtime.dev.js:35:49776)
    at ab (/app/applet/node_modules/next/dist/compiled/next-server/app-page.runtime.dev.js:35:11808)
    at /app/applet/node_modules/next/dist/compiled/next-server/app-page.runtime.dev.js:35:16871
    at aw (/app/applet/node_modules/next/dist/compiled/next-server/app-page.runtime.dev.js:35:16908)
[INTERCEPTED ERROR] 
Error occurred prerendering page "/r/tv-wcofun". Read more: https://nextjs.org/docs/messages/prerender-error

[INTERCEPTED ERROR] TypeError: Cannot read properties of null (reading 'useContext')
    at t.useContext (/app/applet/node_modules/next/dist/compiled/next-server/app-page.runtime.prod.js:12:109421)
    at d (/app/applet/.next/server/chunks/569.js:1:31369)
    at h (/app/applet/.next/server/chunks/569.js:1:23307)
    at au (/app/applet/node_modules/next/dist/compiled/next-server/app-page.runtime.dev.js:35:10446)
    at /app/applet/node_modules/next/dist/compiled/next-server/app-page.runtime.dev.js:35:15122
    at aw (/app/applet/node_modules/next/dist/compiled/next-server/app-page.runtime.dev.js:35:16908)
    at a_ (/app/applet/node_modules/next/dist/compiled/next-server/app-page.runtime.dev.js:35:49776)
    at ab (/app/applet/node_modules/next/dist/compiled/next-server/app-page.runtime.dev.js:35:11808)
    at /app/applet/node_modules/next/dist/compiled/next-server/app-page.runtime.dev.js:35:16871
    at aw (/app/applet/node_modules/next/dist/compiled/next-server/app-page.runtime.dev.js:35:16908)
[INTERCEPTED ERROR] TypeError: Cannot read properties of null (reading 'useContext')
    at t.useContext (/app/applet/node_modules/next/dist/compiled/next-server/app-page.runtime.prod.js:12:109421)
    at d (/app/applet/.next/server/chunks/569.js:1:31369)
    at h (/app/applet/.next/server/chunks/569.js:1:23307)
    at au (/app/applet/node_modules/next/dist/compiled/next-server/app-page.runtime.dev.js:35:10446)
    at /app/applet/node_modules/next/dist/compiled/next-server/app-page.runtime.dev.js:35:15122
    at aw (/app/applet/node_modules/next/dist/compiled/next-server/app-page.runtime.dev.js:35:16908)
    at a_ (/app/applet/node_modules/next/dist/compiled/next-server/app-page.runtime.dev.js:35:49776)
    at ab (/app/applet/node_modules/next/dist/compiled/next-server/app-page.runtime.dev.js:35:11808)
    at /app/applet/node_modules/next/dist/compiled/next-server/app-page.runtime.dev.js:35:16871
    at aw (/app/applet/node_modules/next/dist/compiled/next-server/app-page.runtime.dev.js:35:16908) {
  digest: '11866675'
}
[INTERCEPTED ERROR] TypeError: Cannot read properties of null (reading 'useContext')
    at t.useContext (/app/applet/node_modules/next/dist/compiled/next-server/app-page.runtime.prod.js:12:109421)
    at d (/app/applet/.next/server/chunks/569.js:1:31369)
    at h (/app/applet/.next/server/chunks/569.js:1:23307)
    at au (/app/applet/node_modules/next/dist/compiled/next-server/app-page.runtime.dev.js:35:10446)
    at /app/applet/node_modules/next/dist/compiled/next-server/app-page.runtime.dev.js:35:15122
    at aw (/app/applet/node_modules/next/dist/compiled/next-server/app-page.runtime.dev.js:35:16908)
    at a_ (/app/applet/node_modules/next/dist/compiled/next-server/app-page.runtime.dev.js:35:49776)
    at ab (/app/applet/node_modules/next/dist/compiled/next-server/app-page.runtime.dev.js:35:11808)
    at /app/applet/node_modules/next/dist/compiled/next-server/app-page.runtime.dev.js:35:16871
    at aw (/app/applet/node_modules/next/dist/compiled/next-server/app-page.runtime.dev.js:35:16908)
[INTERCEPTED ERROR] 
Error occurred prerendering page "/r/tv-hdtoday". Read more: https://nextjs.org/docs/messages/prerender-error

[INTERCEPTED ERROR] TypeError: Cannot read properties of null (reading 'useContext')
    at t.useContext (/app/applet/node_modules/next/dist/compiled/next-server/app-page.runtime.prod.js:12:109421)
    at d (/app/applet/.next/server/chunks/569.js:1:31369)
    at h (/app/applet/.next/server/chunks/569.js:1:23307)
    at au (/app/applet/node_modules/next/dist/compiled/next-server/app-page.runtime.dev.js:35:10446)
    at /app/applet/node_modules/next/dist/compiled/next-server/app-page.runtime.dev.js:35:15122
    at aw (/app/applet/node_modules/next/dist/compiled/next-server/app-page.runtime.dev.js:35:16908)
    at a_ (/app/applet/node_modules/next/dist/compiled/next-server/app-page.runtime.dev.js:35:49776)
    at ab (/app/applet/node_modules/next/dist/compiled/next-server/app-page.runtime.dev.js:35:11808)
    at /app/applet/node_modules/next/dist/compiled/next-server/app-page.runtime.dev.js:35:16871
    at aw (/app/applet/node_modules/next/dist/compiled/next-server/app-page.runtime.dev.js:35:16908)
[INTERCEPTED ERROR] TypeError: Cannot read properties of null (reading 'useContext')
    at t.useContext (/app/applet/node_modules/next/dist/compiled/next-server/app-page.runtime.prod.js:12:109421)
    at d (/app/applet/.next/server/chunks/569.js:1:31369)
    at h (/app/applet/.next/server/chunks/569.js:1:23307)
    at au (/app/applet/node_modules/next/dist/compiled/next-server/app-page.runtime.dev.js:35:10446)
    at /app/applet/node_modules/next/dist/compiled/next-server/app-page.runtime.dev.js:35:15122
    at aw (/app/applet/node_modules/next/dist/compiled/next-server/app-page.runtime.dev.js:35:16908)
    at a_ (/app/applet/node_modules/next/dist/compiled/next-server/app-page.runtime.dev.js:35:49776)
    at ab (/app/applet/node_modules/next/dist/compiled/next-server/app-page.runtime.dev.js:35:11808)
    at /app/applet/node_modules/next/dist/compiled/next-server/app-page.runtime.dev.js:35:16871
    at aw (/app/applet/node_modules/next/dist/compiled/next-server/app-page.runtime.dev.js:35:16908) {
  digest: '11866675'
}
[INTERCEPTED ERROR] TypeError: Cannot read properties of null (reading 'useContext')
    at t.useContext (/app/applet/node_modules/next/dist/compiled/next-server/app-page.runtime.prod.js:12:109421)
    at d (/app/applet/.next/server/chunks/569.js:1:31369)
    at h (/app/applet/.next/server/chunks/569.js:1:23307)
    at au (/app/applet/node_modules/next/dist/compiled/next-server/app-page.runtime.dev.js:35:10446)
    at /app/applet/node_modules/next/dist/compiled/next-server/app-page.runtime.dev.js:35:15122
    at aw (/app/applet/node_modules/next/dist/compiled/next-server/app-page.runtime.dev.js:35:16908)
    at a_ (/app/applet/node_modules/next/dist/compiled/next-server/app-page.runtime.dev.js:35:49776)
    at ab (/app/applet/node_modules/next/dist/compiled/next-server/app-page.runtime.dev.js:35:11808)
    at /app/applet/node_modules/next/dist/compiled/next-server/app-page.runtime.dev.js:35:16871
    at aw (/app/applet/node_modules/next/dist/compiled/next-server/app-page.runtime.dev.js:35:16908)
[INTERCEPTED ERROR] 
Error occurred prerendering page "/r/tv-plutotv". Read more: https://nextjs.org/docs/messages/prerender-error

[INTERCEPTED ERROR] TypeError: Cannot read properties of null (reading 'useContext')
    at t.useContext (/app/applet/node_modules/next/dist/compiled/next-server/app-page.runtime.prod.js:12:109421)
    at d (/app/applet/.next/server/chunks/569.js:1:31369)
    at h (/app/applet/.next/server/chunks/569.js:1:23307)
    at au (/app/applet/node_modules/next/dist/compiled/next-server/app-page.runtime.dev.js:35:10446)
    at /app/applet/node_modules/next/dist/compiled/next-server/app-page.runtime.dev.js:35:15122
    at aw (/app/applet/node_modules/next/dist/compiled/next-server/app-page.runtime.dev.js:35:16908)
    at a_ (/app/applet/node_modules/next/dist/compiled/next-server/app-page.runtime.dev.js:35:49776)
    at ab (/app/applet/node_modules/next/dist/compiled/next-server/app-page.runtime.dev.js:35:11808)
    at /app/applet/node_modules/next/dist/compiled/next-server/app-page.runtime.dev.js:35:16871
    at aw (/app/applet/node_modules/next/dist/compiled/next-server/app-page.runtime.dev.js:35:16908)
   Generating static pages (28/56) 
[INTERCEPTED ERROR] TypeError: Cannot read properties of null (reading 'useContext')
    at t.useContext (/app/applet/node_modules/next/dist/compiled/next-server/app-page.runtime.prod.js:12:109421)
    at d (/app/applet/.next/server/chunks/569.js:1:31369)
    at h (/app/applet/.next/server/chunks/569.js:1:23307)
    at au (/app/applet/node_modules/next/dist/compiled/next-server/app-page.runtime.dev.js:35:10446)
    at /app/applet/node_modules/next/dist/compiled/next-server/app-page.runtime.dev.js:35:15122
    at aw (/app/applet/node_modules/next/dist/compiled/next-server/app-page.runtime.dev.js:35:16908)
    at a_ (/app/applet/node_modules/next/dist/compiled/next-server/app-page.runtime.dev.js:35:49776)
    at ab (/app/applet/node_modules/next/dist/compiled/next-server/app-page.runtime.dev.js:35:11808)
    at /app/applet/node_modules/next/dist/compiled/next-server/app-page.runtime.dev.js:35:16871
    at aw (/app/applet/node_modules/next/dist/compiled/next-server/app-page.runtime.dev.js:35:16908) {
  digest: '11866675'
}
[INTERCEPTED ERROR] TypeError: Cannot read properties of null (reading 'useContext')
    at t.useContext (/app/applet/node_modules/next/dist/compiled/next-server/app-page.runtime.prod.js:12:109421)
    at d (/app/applet/.next/server/chunks/569.js:1:31369)
    at h (/app/applet/.next/server/chunks/569.js:1:23307)
    at au (/app/applet/node_modules/next/dist/compiled/next-server/app-page.runtime.dev.js:35:10446)
    at /app/applet/node_modules/next/dist/compiled/next-server/app-page.runtime.dev.js:35:15122
    at aw (/app/applet/node_modules/next/dist/compiled/next-server/app-page.runtime.dev.js:35:16908)
    at a_ (/app/applet/node_modules/next/dist/compiled/next-server/app-page.runtime.dev.js:35:49776)
    at ab (/app/applet/node_modules/next/dist/compiled/next-server/app-page.runtime.dev.js:35:11808)
    at /app/applet/node_modules/next/dist/compiled/next-server/app-page.runtime.dev.js:35:16871
    at aw (/app/applet/node_modules/next/dist/compiled/next-server/app-page.runtime.dev.js:35:16908)
[INTERCEPTED ERROR] 
Error occurred prerendering page "/r/tv-plex". Read more: https://nextjs.org/docs/messages/prerender-error

[INTERCEPTED ERROR] TypeError: Cannot read properties of null (reading 'useContext')
    at t.useContext (/app/applet/node_modules/next/dist/compiled/next-server/app-page.runtime.prod.js:12:109421)
    at d (/app/applet/.next/server/chunks/569.js:1:31369)
    at h (/app/applet/.next/server/chunks/569.js:1:23307)
    at au (/app/applet/node_modules/next/dist/compiled/next-server/app-page.runtime.dev.js:35:10446)
    at /app/applet/node_modules/next/dist/compiled/next-server/app-page.runtime.dev.js:35:15122
    at aw (/app/applet/node_modules/next/dist/compiled/next-server/app-page.runtime.dev.js:35:16908)
    at a_ (/app/applet/node_modules/next/dist/compiled/next-server/app-page.runtime.dev.js:35:49776)
    at ab (/app/applet/node_modules/next/dist/compiled/next-server/app-page.runtime.dev.js:35:11808)
    at /app/applet/node_modules/next/dist/compiled/next-server/app-page.runtime.dev.js:35:16871
    at aw (/app/applet/node_modules/next/dist/compiled/next-server/app-page.runtime.dev.js:35:16908)
[INTERCEPTED ERROR] TypeError: Cannot read properties of null (reading 'useContext')
    at t.useContext (/app/applet/node_modules/next/dist/compiled/next-server/app-page.runtime.prod.js:12:109421)
    at d (/app/applet/.next/server/chunks/569.js:1:31369)
    at h (/app/applet/.next/server/chunks/569.js:1:23307)
    at au (/app/applet/node_modules/next/dist/compiled/next-server/app-page.runtime.dev.js:35:10446)
    at /app/applet/node_modules/next/dist/compiled/next-server/app-page.runtime.dev.js:35:15122
    at aw (/app/applet/node_modules/next/dist/compiled/next-server/app-page.runtime.dev.js:35:16908)
    at a_ (/app/applet/node_modules/next/dist/compiled/next-server/app-page.runtime.dev.js:35:49776)
    at ab (/app/applet/node_modules/next/dist/compiled/next-server/app-page.runtime.dev.js:35:11808)
    at /app/applet/node_modules/next/dist/compiled/next-server/app-page.runtime.dev.js:35:16871
    at aw (/app/applet/node_modules/next/dist/compiled/next-server/app-page.runtime.dev.js:35:16908) {
  digest: '11866675'
}
[INTERCEPTED ERROR] TypeError: Cannot read properties of null (reading 'useContext')
    at t.useContext (/app/applet/node_modules/next/dist/compiled/next-server/app-page.runtime.prod.js:12:109421)
    at d (/app/applet/.next/server/chunks/569.js:1:31369)
    at h (/app/applet/.next/server/chunks/569.js:1:23307)
    at au (/app/applet/node_modules/next/dist/compiled/next-server/app-page.runtime.dev.js:35:10446)
    at /app/applet/node_modules/next/dist/compiled/next-server/app-page.runtime.dev.js:35:15122
    at aw (/app/applet/node_modules/next/dist/compiled/next-server/app-page.runtime.dev.js:35:16908)
    at a_ (/app/applet/node_modules/next/dist/compiled/next-server/app-page.runtime.dev.js:35:49776)
    at ab (/app/applet/node_modules/next/dist/compiled/next-server/app-page.runtime.dev.js:35:11808)
    at /app/applet/node_modules/next/dist/compiled/next-server/app-page.runtime.dev.js:35:16871
    at aw (/app/applet/node_modules/next/dist/compiled/next-server/app-page.runtime.dev.js:35:16908)
[INTERCEPTED ERROR] 
Error occurred prerendering page "/r/anime-hianime". Read more: https://nextjs.org/docs/messages/prerender-error

[INTERCEPTED ERROR] TypeError: Cannot read properties of null (reading 'useContext')
    at t.useContext (/app/applet/node_modules/next/dist/compiled/next-server/app-page.runtime.prod.js:12:109421)
    at d (/app/applet/.next/server/chunks/569.js:1:31369)
    at h (/app/applet/.next/server/chunks/569.js:1:23307)
    at au (/app/applet/node_modules/next/dist/compiled/next-server/app-page.runtime.dev.js:35:10446)
    at /app/applet/node_modules/next/dist/compiled/next-server/app-page.runtime.dev.js:35:15122
    at aw (/app/applet/node_modules/next/dist/compiled/next-server/app-page.runtime.dev.js:35:16908)
    at a_ (/app/applet/node_modules/next/dist/compiled/next-server/app-page.runtime.dev.js:35:49776)
    at ab (/app/applet/node_modules/next/dist/compiled/next-server/app-page.runtime.dev.js:35:11808)
    at /app/applet/node_modules/next/dist/compiled/next-server/app-page.runtime.dev.js:35:16871
    at aw (/app/applet/node_modules/next/dist/compiled/next-server/app-page.runtime.dev.js:35:16908)
[INTERCEPTED ERROR] TypeError: Cannot read properties of null (reading 'useContext')
    at t.useContext (/app/applet/node_modules/next/dist/compiled/next-server/app-page.runtime.prod.js:12:109421)
    at d (/app/applet/.next/server/chunks/569.js:1:31369)
    at h (/app/applet/.next/server/chunks/569.js:1:23307)
    at au (/app/applet/node_modules/next/dist/compiled/next-server/app-page.runtime.dev.js:35:10446)
    at /app/applet/node_modules/next/dist/compiled/next-server/app-page.runtime.dev.js:35:15122
    at aw (/app/applet/node_modules/next/dist/compiled/next-server/app-page.runtime.dev.js:35:16908)
    at a_ (/app/applet/node_modules/next/dist/compiled/next-server/app-page.runtime.dev.js:35:49776)
    at ab (/app/applet/node_modules/next/dist/compiled/next-server/app-page.runtime.dev.js:35:11808)
    at /app/applet/node_modules/next/dist/compiled/next-server/app-page.runtime.dev.js:35:16871
    at aw (/app/applet/node_modules/next/dist/compiled/next-server/app-page.runtime.dev.js:35:16908) {
  digest: '11866675'
}
[INTERCEPTED ERROR] TypeError: Cannot read properties of null (reading 'useContext')
    at t.useContext (/app/applet/node_modules/next/dist/compiled/next-server/app-page.runtime.prod.js:12:109421)
    at d (/app/applet/.next/server/chunks/569.js:1:31369)
    at h (/app/applet/.next/server/chunks/569.js:1:23307)
    at au (/app/applet/node_modules/next/dist/compiled/next-server/app-page.runtime.dev.js:35:10446)
    at /app/applet/node_modules/next/dist/compiled/next-server/app-page.runtime.dev.js:35:15122
    at aw (/app/applet/node_modules/next/dist/compiled/next-server/app-page.runtime.dev.js:35:16908)
    at a_ (/app/applet/node_modules/next/dist/compiled/next-server/app-page.runtime.dev.js:35:49776)
    at ab (/app/applet/node_modules/next/dist/compiled/next-server/app-page.runtime.dev.js:35:11808)
    at /app/applet/node_modules/next/dist/compiled/next-server/app-page.runtime.dev.js:35:16871
    at aw (/app/applet/node_modules/next/dist/compiled/next-server/app-page.runtime.dev.js:35:16908)
[INTERCEPTED ERROR] 
Error occurred prerendering page "/r/anime-9anime". Read more: https://nextjs.org/docs/messages/prerender-error

[INTERCEPTED ERROR] TypeError: Cannot read properties of null (reading 'useContext')
    at t.useContext (/app/applet/node_modules/next/dist/compiled/next-server/app-page.runtime.prod.js:12:109421)
    at d (/app/applet/.next/server/chunks/569.js:1:31369)
    at h (/app/applet/.next/server/chunks/569.js:1:23307)
    at au (/app/applet/node_modules/next/dist/compiled/next-server/app-page.runtime.dev.js:35:10446)
    at /app/applet/node_modules/next/dist/compiled/next-server/app-page.runtime.dev.js:35:15122
    at aw (/app/applet/node_modules/next/dist/compiled/next-server/app-page.runtime.dev.js:35:16908)
    at a_ (/app/applet/node_modules/next/dist/compiled/next-server/app-page.runtime.dev.js:35:49776)
    at ab (/app/applet/node_modules/next/dist/compiled/next-server/app-page.runtime.dev.js:35:11808)
    at /app/applet/node_modules/next/dist/compiled/next-server/app-page.runtime.dev.js:35:16871
    at aw (/app/applet/node_modules/next/dist/compiled/next-server/app-page.runtime.dev.js:35:16908)
[INTERCEPTED ERROR] TypeError: Cannot read properties of null (reading 'useContext')
    at t.useContext (/app/applet/node_modules/next/dist/compiled/next-server/app-page.runtime.prod.js:12:109421)
    at d (/app/applet/.next/server/chunks/569.js:1:31369)
    at h (/app/applet/.next/server/chunks/569.js:1:23307)
    at au (/app/applet/node_modules/next/dist/compiled/next-server/app-page.runtime.dev.js:35:10446)
    at /app/applet/node_modules/next/dist/compiled/next-server/app-page.runtime.dev.js:35:15122
    at aw (/app/applet/node_modules/next/dist/compiled/next-server/app-page.runtime.dev.js:35:16908)
    at a_ (/app/applet/node_modules/next/dist/compiled/next-server/app-page.runtime.dev.js:35:49776)
    at ab (/app/applet/node_modules/next/dist/compiled/next-server/app-page.runtime.dev.js:35:11808)
    at /app/applet/node_modules/next/dist/compiled/next-server/app-page.runtime.dev.js:35:16871
    at aw (/app/applet/node_modules/next/dist/compiled/next-server/app-page.runtime.dev.js:35:16908) {
  digest: '11866675'
}
[INTERCEPTED ERROR] TypeError: Cannot read properties of null (reading 'useContext')
    at t.useContext (/app/applet/node_modules/next/dist/compiled/next-server/app-page.runtime.prod.js:12:109421)
    at d (/app/applet/.next/server/chunks/569.js:1:31369)
    at h (/app/applet/.next/server/chunks/569.js:1:23307)
    at au (/app/applet/node_modules/next/dist/compiled/next-server/app-page.runtime.dev.js:35:10446)
    at /app/applet/node_modules/next/dist/compiled/next-server/app-page.runtime.dev.js:35:15122
    at aw (/app/applet/node_modules/next/dist/compiled/next-server/app-page.runtime.dev.js:35:16908)
    at a_ (/app/applet/node_modules/next/dist/compiled/next-server/app-page.runtime.dev.js:35:49776)
    at ab (/app/applet/node_modules/next/dist/compiled/next-server/app-page.runtime.dev.js:35:11808)
    at /app/applet/node_modules/next/dist/compiled/next-server/app-page.runtime.dev.js:35:16871
    at aw (/app/applet/node_modules/next/dist/compiled/next-server/app-page.runtime.dev.js:35:16908)
[INTERCEPTED ERROR] 
Error occurred prerendering page "/r/anime-nyaa". Read more: https://nextjs.org/docs/messages/prerender-error

[INTERCEPTED ERROR] TypeError: Cannot read properties of null (reading 'useContext')
    at t.useContext (/app/applet/node_modules/next/dist/compiled/next-server/app-page.runtime.prod.js:12:109421)
    at d (/app/applet/.next/server/chunks/569.js:1:31369)
    at h (/app/applet/.next/server/chunks/569.js:1:23307)
    at au (/app/applet/node_modules/next/dist/compiled/next-server/app-page.runtime.dev.js:35:10446)
    at /app/applet/node_modules/next/dist/compiled/next-server/app-page.runtime.dev.js:35:15122
    at aw (/app/applet/node_modules/next/dist/compiled/next-server/app-page.runtime.dev.js:35:16908)
    at a_ (/app/applet/node_modules/next/dist/compiled/next-server/app-page.runtime.dev.js:35:49776)
    at ab (/app/applet/node_modules/next/dist/compiled/next-server/app-page.runtime.dev.js:35:11808)
    at /app/applet/node_modules/next/dist/compiled/next-server/app-page.runtime.dev.js:35:16871
    at aw (/app/applet/node_modules/next/dist/compiled/next-server/app-page.runtime.dev.js:35:16908)
[INTERCEPTED ERROR] TypeError: Cannot read properties of null (reading 'useContext')
    at t.useContext (/app/applet/node_modules/next/dist/compiled/next-server/app-page.runtime.prod.js:12:109421)
    at d (/app/applet/.next/server/chunks/569.js:1:31369)
    at h (/app/applet/.next/server/chunks/569.js:1:23307)
    at au (/app/applet/node_modules/next/dist/compiled/next-server/app-page.runtime.dev.js:35:10446)
    at /app/applet/node_modules/next/dist/compiled/next-server/app-page.runtime.dev.js:35:15122
    at aw (/app/applet/node_modules/next/dist/compiled/next-server/app-page.runtime.dev.js:35:16908)
    at a_ (/app/applet/node_modules/next/dist/compiled/next-server/app-page.runtime.dev.js:35:49776)
    at ab (/app/applet/node_modules/next/dist/compiled/next-server/app-page.runtime.dev.js:35:11808)
    at /app/applet/node_modules/next/dist/compiled/next-server/app-page.runtime.dev.js:35:16871
    at aw (/app/applet/node_modules/next/dist/compiled/next-server/app-page.runtime.dev.js:35:16908) {
  digest: '11866675'
}
[INTERCEPTED ERROR] TypeError: Cannot read properties of null (reading 'useContext')
    at t.useContext (/app/applet/node_modules/next/dist/compiled/next-server/app-page.runtime.prod.js:12:109421)
    at d (/app/applet/.next/server/chunks/569.js:1:31369)
    at h (/app/applet/.next/server/chunks/569.js:1:23307)
    at au (/app/applet/node_modules/next/dist/compiled/next-server/app-page.runtime.dev.js:35:10446)
    at /app/applet/node_modules/next/dist/compiled/next-server/app-page.runtime.dev.js:35:15122
    at aw (/app/applet/node_modules/next/dist/compiled/next-server/app-page.runtime.dev.js:35:16908)
    at a_ (/app/applet/node_modules/next/dist/compiled/next-server/app-page.runtime.dev.js:35:49776)
    at ab (/app/applet/node_modules/next/dist/compiled/next-server/app-page.runtime.dev.js:35:11808)
    at /app/applet/node_modules/next/dist/compiled/next-server/app-page.runtime.dev.js:35:16871
    at aw (/app/applet/node_modules/next/dist/compiled/next-server/app-page.runtime.dev.js:35:16908)
[INTERCEPTED ERROR] 
Error occurred prerendering page "/r/anime-anilist". Read more: https://nextjs.org/docs/messages/prerender-error

[INTERCEPTED ERROR] TypeError: Cannot read properties of null (reading 'useContext')
    at t.useContext (/app/applet/node_modules/next/dist/compiled/next-server/app-page.runtime.prod.js:12:109421)
    at d (/app/applet/.next/server/chunks/569.js:1:31369)
    at h (/app/applet/.next/server/chunks/569.js:1:23307)
    at au (/app/applet/node_modules/next/dist/compiled/next-server/app-page.runtime.dev.js:35:10446)
    at /app/applet/node_modules/next/dist/compiled/next-server/app-page.runtime.dev.js:35:15122
    at aw (/app/applet/node_modules/next/dist/compiled/next-server/app-page.runtime.dev.js:35:16908)
    at a_ (/app/applet/node_modules/next/dist/compiled/next-server/app-page.runtime.dev.js:35:49776)
    at ab (/app/applet/node_modules/next/dist/compiled/next-server/app-page.runtime.dev.js:35:11808)
    at /app/applet/node_modules/next/dist/compiled/next-server/app-page.runtime.dev.js:35:16871
    at aw (/app/applet/node_modules/next/dist/compiled/next-server/app-page.runtime.dev.js:35:16908)
[INTERCEPTED ERROR] TypeError: Cannot read properties of null (reading 'useContext')
    at t.useContext (/app/applet/node_modules/next/dist/compiled/next-server/app-page.runtime.prod.js:12:109421)
    at d (/app/applet/.next/server/chunks/569.js:1:31369)
    at h (/app/applet/.next/server/chunks/569.js:1:23307)
    at au (/app/applet/node_modules/next/dist/compiled/next-server/app-page.runtime.dev.js:35:10446)
    at /app/applet/node_modules/next/dist/compiled/next-server/app-page.runtime.dev.js:35:15122
    at aw (/app/applet/node_modules/next/dist/compiled/next-server/app-page.runtime.dev.js:35:16908)
    at a_ (/app/applet/node_modules/next/dist/compiled/next-server/app-page.runtime.dev.js:35:49776)
    at ab (/app/applet/node_modules/next/dist/compiled/next-server/app-page.runtime.dev.js:35:11808)
    at /app/applet/node_modules/next/dist/compiled/next-server/app-page.runtime.dev.js:35:16871
    at aw (/app/applet/node_modules/next/dist/compiled/next-server/app-page.runtime.dev.js:35:16908) {
  digest: '11866675'
}
[INTERCEPTED ERROR] TypeError: Cannot read properties of null (reading 'useContext')
    at t.useContext (/app/applet/node_modules/next/dist/compiled/next-server/app-page.runtime.prod.js:12:109421)
    at d (/app/applet/.next/server/chunks/569.js:1:31369)
    at h (/app/applet/.next/server/chunks/569.js:1:23307)
    at au (/app/applet/node_modules/next/dist/compiled/next-server/app-page.runtime.dev.js:35:10446)
    at /app/applet/node_modules/next/dist/compiled/next-server/app-page.runtime.dev.js:35:15122
    at aw (/app/applet/node_modules/next/dist/compiled/next-server/app-page.runtime.dev.js:35:16908)
    at a_ (/app/applet/node_modules/next/dist/compiled/next-server/app-page.runtime.dev.js:35:49776)
    at ab (/app/applet/node_modules/next/dist/compiled/next-server/app-page.runtime.dev.js:35:11808)
    at /app/applet/node_modules/next/dist/compiled/next-server/app-page.runtime.dev.js:35:16871
    at aw (/app/applet/node_modules/next/dist/compiled/next-server/app-page.runtime.dev.js:35:16908)
[INTERCEPTED ERROR] 
Error occurred prerendering page "/r/anime-mal". Read more: https://nextjs.org/docs/messages/prerender-error

[INTERCEPTED ERROR] TypeError: Cannot read properties of null (reading 'useContext')
    at t.useContext (/app/applet/node_modules/next/dist/compiled/next-server/app-page.runtime.prod.js:12:109421)
    at d (/app/applet/.next/server/chunks/569.js:1:31369)
    at h (/app/applet/.next/server/chunks/569.js:1:23307)
    at au (/app/applet/node_modules/next/dist/compiled/next-server/app-page.runtime.dev.js:35:10446)
    at /app/applet/node_modules/next/dist/compiled/next-server/app-page.runtime.dev.js:35:15122
    at aw (/app/applet/node_modules/next/dist/compiled/next-server/app-page.runtime.dev.js:35:16908)
    at a_ (/app/applet/node_modules/next/dist/compiled/next-server/app-page.runtime.dev.js:35:49776)
    at ab (/app/applet/node_modules/next/dist/compiled/next-server/app-page.runtime.dev.js:35:11808)
    at /app/applet/node_modules/next/dist/compiled/next-server/app-page.runtime.dev.js:35:16871
    at aw (/app/applet/node_modules/next/dist/compiled/next-server/app-page.runtime.dev.js:35:16908)
[INTERCEPTED ERROR] TypeError: Cannot read properties of null (reading 'useContext')
    at t.useContext (/app/applet/node_modules/next/dist/compiled/next-server/app-page.runtime.prod.js:12:109421)
    at d (/app/applet/.next/server/chunks/569.js:1:31369)
    at h (/app/applet/.next/server/chunks/569.js:1:23307)
    at au (/app/applet/node_modules/next/dist/compiled/next-server/app-page.runtime.dev.js:35:10446)
    at /app/applet/node_modules/next/dist/compiled/next-server/app-page.runtime.dev.js:35:15122
    at aw (/app/applet/node_modules/next/dist/compiled/next-server/app-page.runtime.dev.js:35:16908)
    at a_ (/app/applet/node_modules/next/dist/compiled/next-server/app-page.runtime.dev.js:35:49776)
    at ab (/app/applet/node_modules/next/dist/compiled/next-server/app-page.runtime.dev.js:35:11808)
    at /app/applet/node_modules/next/dist/compiled/next-server/app-page.runtime.dev.js:35:16871
    at aw (/app/applet/node_modules/next/dist/compiled/next-server/app-page.runtime.dev.js:35:16908) {
  digest: '11866675'
}
[INTERCEPTED ERROR] TypeError: Cannot read properties of null (reading 'useContext')
    at t.useContext (/app/applet/node_modules/next/dist/compiled/next-server/app-page.runtime.prod.js:12:109421)
    at d (/app/applet/.next/server/chunks/569.js:1:31369)
    at h (/app/applet/.next/server/chunks/569.js:1:23307)
    at au (/app/applet/node_modules/next/dist/compiled/next-server/app-page.runtime.dev.js:35:10446)
    at /app/applet/node_modules/next/dist/compiled/next-server/app-page.runtime.dev.js:35:15122
    at aw (/app/applet/node_modules/next/dist/compiled/next-server/app-page.runtime.dev.js:35:16908)
    at a_ (/app/applet/node_modules/next/dist/compiled/next-server/app-page.runtime.dev.js:35:49776)
    at ab (/app/applet/node_modules/next/dist/compiled/next-server/app-page.runtime.dev.js:35:11808)
    at /app/applet/node_modules/next/dist/compiled/next-server/app-page.runtime.dev.js:35:16871
    at aw (/app/applet/node_modules/next/dist/compiled/next-server/app-page.runtime.dev.js:35:16908)
[INTERCEPTED ERROR] 
Error occurred prerendering page "/r/anime-aniskip". Read more: https://nextjs.org/docs/messages/prerender-error

[INTERCEPTED ERROR] TypeError: Cannot read properties of null (reading 'useContext')
    at t.useContext (/app/applet/node_modules/next/dist/compiled/next-server/app-page.runtime.prod.js:12:109421)
    at d (/app/applet/.next/server/chunks/569.js:1:31369)
    at h (/app/applet/.next/server/chunks/569.js:1:23307)
    at au (/app/applet/node_modules/next/dist/compiled/next-server/app-page.runtime.dev.js:35:10446)
    at /app/applet/node_modules/next/dist/compiled/next-server/app-page.runtime.dev.js:35:15122
    at aw (/app/applet/node_modules/next/dist/compiled/next-server/app-page.runtime.dev.js:35:16908)
    at a_ (/app/applet/node_modules/next/dist/compiled/next-server/app-page.runtime.dev.js:35:49776)
    at ab (/app/applet/node_modules/next/dist/compiled/next-server/app-page.runtime.dev.js:35:11808)
    at /app/applet/node_modules/next/dist/compiled/next-server/app-page.runtime.dev.js:35:16871
    at aw (/app/applet/node_modules/next/dist/compiled/next-server/app-page.runtime.dev.js:35:16908)
[INTERCEPTED ERROR] TypeError: Cannot read properties of null (reading 'useContext')
    at t.useContext (/app/applet/node_modules/next/dist/compiled/next-server/app-page.runtime.prod.js:12:109421)
    at d (/app/applet/.next/server/chunks/569.js:1:31369)
    at h (/app/applet/.next/server/chunks/569.js:1:23307)
    at au (/app/applet/node_modules/next/dist/compiled/next-server/app-page.runtime.dev.js:35:10446)
    at /app/applet/node_modules/next/dist/compiled/next-server/app-page.runtime.dev.js:35:15122
    at aw (/app/applet/node_modules/next/dist/compiled/next-server/app-page.runtime.dev.js:35:16908)
    at a_ (/app/applet/node_modules/next/dist/compiled/next-server/app-page.runtime.dev.js:35:49776)
    at ab (/app/applet/node_modules/next/dist/compiled/next-server/app-page.runtime.dev.js:35:11808)
    at /app/applet/node_modules/next/dist/compiled/next-server/app-page.runtime.dev.js:35:16871
    at aw (/app/applet/node_modules/next/dist/compiled/next-server/app-page.runtime.dev.js:35:16908) {
  digest: '11866675'
}
[INTERCEPTED ERROR] TypeError: Cannot read properties of null (reading 'useContext')
    at t.useContext (/app/applet/node_modules/next/dist/compiled/next-server/app-page.runtime.prod.js:12:109421)
    at d (/app/applet/.next/server/chunks/569.js:1:31369)
    at h (/app/applet/.next/server/chunks/569.js:1:23307)
    at au (/app/applet/node_modules/next/dist/compiled/next-server/app-page.runtime.dev.js:35:10446)
    at /app/applet/node_modules/next/dist/compiled/next-server/app-page.runtime.dev.js:35:15122
    at aw (/app/applet/node_modules/next/dist/compiled/next-server/app-page.runtime.dev.js:35:16908)
    at a_ (/app/applet/node_modules/next/dist/compiled/next-server/app-page.runtime.dev.js:35:49776)
    at ab (/app/applet/node_modules/next/dist/compiled/next-server/app-page.runtime.dev.js:35:11808)
    at /app/applet/node_modules/next/dist/compiled/next-server/app-page.runtime.dev.js:35:16871
    at aw (/app/applet/node_modules/next/dist/compiled/next-server/app-page.runtime.dev.js:35:16908)
[INTERCEPTED ERROR] 
Error occurred prerendering page "/r/tools-ffmpeg". Read more: https://nextjs.org/docs/messages/prerender-error

[INTERCEPTED ERROR] TypeError: Cannot read properties of null (reading 'useContext')
    at t.useContext (/app/applet/node_modules/next/dist/compiled/next-server/app-page.runtime.prod.js:12:109421)
    at d (/app/applet/.next/server/chunks/569.js:1:31369)
    at h (/app/applet/.next/server/chunks/569.js:1:23307)
    at au (/app/applet/node_modules/next/dist/compiled/next-server/app-page.runtime.dev.js:35:10446)
    at /app/applet/node_modules/next/dist/compiled/next-server/app-page.runtime.dev.js:35:15122
    at aw (/app/applet/node_modules/next/dist/compiled/next-server/app-page.runtime.dev.js:35:16908)
    at a_ (/app/applet/node_modules/next/dist/compiled/next-server/app-page.runtime.dev.js:35:49776)
    at ab (/app/applet/node_modules/next/dist/compiled/next-server/app-page.runtime.dev.js:35:11808)
    at /app/applet/node_modules/next/dist/compiled/next-server/app-page.runtime.dev.js:35:16871
    at aw (/app/applet/node_modules/next/dist/compiled/next-server/app-page.runtime.dev.js:35:16908)
[INTERCEPTED ERROR] TypeError: Cannot read properties of null (reading 'useContext')
    at t.useContext (/app/applet/node_modules/next/dist/compiled/next-server/app-page.runtime.prod.js:12:109421)
    at d (/app/applet/.next/server/chunks/569.js:1:31369)
    at h (/app/applet/.next/server/chunks/569.js:1:23307)
    at au (/app/applet/node_modules/next/dist/compiled/next-server/app-page.runtime.dev.js:35:10446)
    at /app/applet/node_modules/next/dist/compiled/next-server/app-page.runtime.dev.js:35:15122
    at aw (/app/applet/node_modules/next/dist/compiled/next-server/app-page.runtime.dev.js:35:16908)
    at a_ (/app/applet/node_modules/next/dist/compiled/next-server/app-page.runtime.dev.js:35:49776)
    at ab (/app/applet/node_modules/next/dist/compiled/next-server/app-page.runtime.dev.js:35:11808)
    at /app/applet/node_modules/next/dist/compiled/next-server/app-page.runtime.dev.js:35:16871
    at aw (/app/applet/node_modules/next/dist/compiled/next-server/app-page.runtime.dev.js:35:16908) {
  digest: '11866675'
}
[INTERCEPTED ERROR] TypeError: Cannot read properties of null (reading 'useContext')
    at t.useContext (/app/applet/node_modules/next/dist/compiled/next-server/app-page.runtime.prod.js:12:109421)
    at d (/app/applet/.next/server/chunks/569.js:1:31369)
    at h (/app/applet/.next/server/chunks/569.js:1:23307)
    at au (/app/applet/node_modules/next/dist/compiled/next-server/app-page.runtime.dev.js:35:10446)
    at /app/applet/node_modules/next/dist/compiled/next-server/app-page.runtime.dev.js:35:15122
    at aw (/app/applet/node_modules/next/dist/compiled/next-server/app-page.runtime.dev.js:35:16908)
    at a_ (/app/applet/node_modules/next/dist/compiled/next-server/app-page.runtime.dev.js:35:49776)
    at ab (/app/applet/node_modules/next/dist/compiled/next-server/app-page.runtime.dev.js:35:11808)
    at /app/applet/node_modules/next/dist/compiled/next-server/app-page.runtime.dev.js:35:16871
    at aw (/app/applet/node_modules/next/dist/compiled/next-server/app-page.runtime.dev.js:35:16908)
[INTERCEPTED ERROR] 
Error occurred prerendering page "/r/tools-handbrake". Read more: https://nextjs.org/docs/messages/prerender-error

[INTERCEPTED ERROR] TypeError: Cannot read properties of null (reading 'useContext')
    at t.useContext (/app/applet/node_modules/next/dist/compiled/next-server/app-page.runtime.prod.js:12:109421)
    at d (/app/applet/.next/server/chunks/569.js:1:31369)
    at h (/app/applet/.next/server/chunks/569.js:1:23307)
    at au (/app/applet/node_modules/next/dist/compiled/next-server/app-page.runtime.dev.js:35:10446)
    at /app/applet/node_modules/next/dist/compiled/next-server/app-page.runtime.dev.js:35:15122
    at aw (/app/applet/node_modules/next/dist/compiled/next-server/app-page.runtime.dev.js:35:16908)
    at a_ (/app/applet/node_modules/next/dist/compiled/next-server/app-page.runtime.dev.js:35:49776)
    at ab (/app/applet/node_modules/next/dist/compiled/next-server/app-page.runtime.dev.js:35:11808)
    at /app/applet/node_modules/next/dist/compiled/next-server/app-page.runtime.dev.js:35:16871
    at aw (/app/applet/node_modules/next/dist/compiled/next-server/app-page.runtime.dev.js:35:16908)
[INTERCEPTED ERROR] TypeError: Cannot read properties of null (reading 'useContext')
    at t.useContext (/app/applet/node_modules/next/dist/compiled/next-server/app-page.runtime.prod.js:12:109421)
    at d (/app/applet/.next/server/chunks/569.js:1:31369)
    at h (/app/applet/.next/server/chunks/569.js:1:23307)
    at au (/app/applet/node_modules/next/dist/compiled/next-server/app-page.runtime.dev.js:35:10446)
    at /app/applet/node_modules/next/dist/compiled/next-server/app-page.runtime.dev.js:35:15122
    at aw (/app/applet/node_modules/next/dist/compiled/next-server/app-page.runtime.dev.js:35:16908)
    at a_ (/app/applet/node_modules/next/dist/compiled/next-server/app-page.runtime.dev.js:35:49776)
    at ab (/app/applet/node_modules/next/dist/compiled/next-server/app-page.runtime.dev.js:35:11808)
    at /app/applet/node_modules/next/dist/compiled/next-server/app-page.runtime.dev.js:35:16871
    at aw (/app/applet/node_modules/next/dist/compiled/next-server/app-page.runtime.dev.js:35:16908) {
  digest: '11866675'
}
[INTERCEPTED ERROR] TypeError: Cannot read properties of null (reading 'useContext')
    at t.useContext (/app/applet/node_modules/next/dist/compiled/next-server/app-page.runtime.prod.js:12:109421)
    at d (/app/applet/.next/server/chunks/569.js:1:31369)
    at h (/app/applet/.next/server/chunks/569.js:1:23307)
    at au (/app/applet/node_modules/next/dist/compiled/next-server/app-page.runtime.dev.js:35:10446)
    at /app/applet/node_modules/next/dist/compiled/next-server/app-page.runtime.dev.js:35:15122
    at aw (/app/applet/node_modules/next/dist/compiled/next-server/app-page.runtime.dev.js:35:16908)
    at a_ (/app/applet/node_modules/next/dist/compiled/next-server/app-page.runtime.dev.js:35:49776)
    at ab (/app/applet/node_modules/next/dist/compiled/next-server/app-page.runtime.dev.js:35:11808)
    at /app/applet/node_modules/next/dist/compiled/next-server/app-page.runtime.dev.js:35:16871
    at aw (/app/applet/node_modules/next/dist/compiled/next-server/app-page.runtime.dev.js:35:16908)
[INTERCEPTED ERROR] 
Error occurred prerendering page "/r/tools-jdownloader". Read more: https://nextjs.org/docs/messages/prerender-error

[INTERCEPTED ERROR] TypeError: Cannot read properties of null (reading 'useContext')
    at t.useContext (/app/applet/node_modules/next/dist/compiled/next-server/app-page.runtime.prod.js:12:109421)
    at d (/app/applet/.next/server/chunks/569.js:1:31369)
    at h (/app/applet/.next/server/chunks/569.js:1:23307)
    at au (/app/applet/node_modules/next/dist/compiled/next-server/app-page.runtime.dev.js:35:10446)
    at /app/applet/node_modules/next/dist/compiled/next-server/app-page.runtime.dev.js:35:15122
    at aw (/app/applet/node_modules/next/dist/compiled/next-server/app-page.runtime.dev.js:35:16908)
    at a_ (/app/applet/node_modules/next/dist/compiled/next-server/app-page.runtime.dev.js:35:49776)
    at ab (/app/applet/node_modules/next/dist/compiled/next-server/app-page.runtime.dev.js:35:11808)
    at /app/applet/node_modules/next/dist/compiled/next-server/app-page.runtime.dev.js:35:16871
    at aw (/app/applet/node_modules/next/dist/compiled/next-server/app-page.runtime.dev.js:35:16908)
[INTERCEPTED ERROR] TypeError: Cannot read properties of null (reading 'useContext')
    at t.useContext (/app/applet/node_modules/next/dist/compiled/next-server/app-page.runtime.prod.js:12:109421)
    at d (/app/applet/.next/server/chunks/569.js:1:31369)
    at h (/app/applet/.next/server/chunks/569.js:1:23307)
    at au (/app/applet/node_modules/next/dist/compiled/next-server/app-page.runtime.dev.js:35:10446)
    at /app/applet/node_modules/next/dist/compiled/next-server/app-page.runtime.dev.js:35:15122
    at aw (/app/applet/node_modules/next/dist/compiled/next-server/app-page.runtime.dev.js:35:16908)
    at a_ (/app/applet/node_modules/next/dist/compiled/next-server/app-page.runtime.dev.js:35:49776)
    at ab (/app/applet/node_modules/next/dist/compiled/next-server/app-page.runtime.dev.js:35:11808)
    at /app/applet/node_modules/next/dist/compiled/next-server/app-page.runtime.dev.js:35:16871
    at aw (/app/applet/node_modules/next/dist/compiled/next-server/app-page.runtime.dev.js:35:16908) {
  digest: '11866675'
}
[INTERCEPTED ERROR] TypeError: Cannot read properties of null (reading 'useContext')
    at t.useContext (/app/applet/node_modules/next/dist/compiled/next-server/app-page.runtime.prod.js:12:109421)
    at d (/app/applet/.next/server/chunks/569.js:1:31369)
    at h (/app/applet/.next/server/chunks/569.js:1:23307)
    at au (/app/applet/node_modules/next/dist/compiled/next-server/app-page.runtime.dev.js:35:10446)
    at /app/applet/node_modules/next/dist/compiled/next-server/app-page.runtime.dev.js:35:15122
    at aw (/app/applet/node_modules/next/dist/compiled/next-server/app-page.runtime.dev.js:35:16908)
    at a_ (/app/applet/node_modules/next/dist/compiled/next-server/app-page.runtime.dev.js:35:49776)
    at ab (/app/applet/node_modules/next/dist/compiled/next-server/app-page.runtime.dev.js:35:11808)
    at /app/applet/node_modules/next/dist/compiled/next-server/app-page.runtime.dev.js:35:16871
    at aw (/app/applet/node_modules/next/dist/compiled/next-server/app-page.runtime.dev.js:35:16908)
[INTERCEPTED ERROR] 
Error occurred prerendering page "/r/tools-obs". Read more: https://nextjs.org/docs/messages/prerender-error

[INTERCEPTED ERROR] TypeError: Cannot read properties of null (reading 'useContext')
    at t.useContext (/app/applet/node_modules/next/dist/compiled/next-server/app-page.runtime.prod.js:12:109421)
    at d (/app/applet/.next/server/chunks/569.js:1:31369)
    at h (/app/applet/.next/server/chunks/569.js:1:23307)
    at au (/app/applet/node_modules/next/dist/compiled/next-server/app-page.runtime.dev.js:35:10446)
    at /app/applet/node_modules/next/dist/compiled/next-server/app-page.runtime.dev.js:35:15122
    at aw (/app/applet/node_modules/next/dist/compiled/next-server/app-page.runtime.dev.js:35:16908)
    at a_ (/app/applet/node_modules/next/dist/compiled/next-server/app-page.runtime.dev.js:35:49776)
    at ab (/app/applet/node_modules/next/dist/compiled/next-server/app-page.runtime.dev.js:35:11808)
    at /app/applet/node_modules/next/dist/compiled/next-server/app-page.runtime.dev.js:35:16871
    at aw (/app/applet/node_modules/next/dist/compiled/next-server/app-page.runtime.dev.js:35:16908)
[INTERCEPTED ERROR] TypeError: Cannot read properties of null (reading 'useContext')
    at t.useContext (/app/applet/node_modules/next/dist/compiled/next-server/app-page.runtime.prod.js:12:109421)
    at d (/app/applet/.next/server/chunks/569.js:1:31369)
    at h (/app/applet/.next/server/chunks/569.js:1:23307)
    at au (/app/applet/node_modules/next/dist/compiled/next-server/app-page.runtime.dev.js:35:10446)
    at /app/applet/node_modules/next/dist/compiled/next-server/app-page.runtime.dev.js:35:15122
    at aw (/app/applet/node_modules/next/dist/compiled/next-server/app-page.runtime.dev.js:35:16908)
    at a_ (/app/applet/node_modules/next/dist/compiled/next-server/app-page.runtime.dev.js:35:49776)
    at ab (/app/applet/node_modules/next/dist/compiled/next-server/app-page.runtime.dev.js:35:11808)
    at /app/applet/node_modules/next/dist/compiled/next-server/app-page.runtime.dev.js:35:16871
    at aw (/app/applet/node_modules/next/dist/compiled/next-server/app-page.runtime.dev.js:35:16908) {
  digest: '11866675'
}
[INTERCEPTED ERROR] TypeError: Cannot read properties of null (reading 'useContext')
    at t.useContext (/app/applet/node_modules/next/dist/compiled/next-server/app-page.runtime.prod.js:12:109421)
    at d (/app/applet/.next/server/chunks/569.js:1:31369)
    at h (/app/applet/.next/server/chunks/569.js:1:23307)
    at au (/app/applet/node_modules/next/dist/compiled/next-server/app-page.runtime.dev.js:35:10446)
    at /app/applet/node_modules/next/dist/compiled/next-server/app-page.runtime.dev.js:35:15122
    at aw (/app/applet/node_modules/next/dist/compiled/next-server/app-page.runtime.dev.js:35:16908)
    at a_ (/app/applet/node_modules/next/dist/compiled/next-server/app-page.runtime.dev.js:35:49776)
    at ab (/app/applet/node_modules/next/dist/compiled/next-server/app-page.runtime.dev.js:35:11808)
    at /app/applet/node_modules/next/dist/compiled/next-server/app-page.runtime.dev.js:35:16871
    at aw (/app/applet/node_modules/next/dist/compiled/next-server/app-page.runtime.dev.js:35:16908)
[INTERCEPTED ERROR] 
Error occurred prerendering page "/r/tools-bulkrename". Read more: https://nextjs.org/docs/messages/prerender-error

[INTERCEPTED ERROR] TypeError: Cannot read properties of null (reading 'useContext')
    at t.useContext (/app/applet/node_modules/next/dist/compiled/next-server/app-page.runtime.prod.js:12:109421)
    at d (/app/applet/.next/server/chunks/569.js:1:31369)
    at h (/app/applet/.next/server/chunks/569.js:1:23307)
    at au (/app/applet/node_modules/next/dist/compiled/next-server/app-page.runtime.dev.js:35:10446)
    at /app/applet/node_modules/next/dist/compiled/next-server/app-page.runtime.dev.js:35:15122
    at aw (/app/applet/node_modules/next/dist/compiled/next-server/app-page.runtime.dev.js:35:16908)
    at a_ (/app/applet/node_modules/next/dist/compiled/next-server/app-page.runtime.dev.js:35:49776)
    at ab (/app/applet/node_modules/next/dist/compiled/next-server/app-page.runtime.dev.js:35:11808)
    at /app/applet/node_modules/next/dist/compiled/next-server/app-page.runtime.dev.js:35:16871
    at aw (/app/applet/node_modules/next/dist/compiled/next-server/app-page.runtime.dev.js:35:16908)
[INTERCEPTED ERROR] TypeError: Cannot read properties of null (reading 'useContext')
    at t.useContext (/app/applet/node_modules/next/dist/compiled/next-server/app-page.runtime.prod.js:12:109421)
    at d (/app/applet/.next/server/chunks/569.js:1:31369)
    at h (/app/applet/.next/server/chunks/569.js:1:23307)
    at au (/app/applet/node_modules/next/dist/compiled/next-server/app-page.runtime.dev.js:35:10446)
    at /app/applet/node_modules/next/dist/compiled/next-server/app-page.runtime.dev.js:35:15122
    at aw (/app/applet/node_modules/next/dist/compiled/next-server/app-page.runtime.dev.js:35:16908)
    at a_ (/app/applet/node_modules/next/dist/compiled/next-server/app-page.runtime.dev.js:35:49776)
    at ab (/app/applet/node_modules/next/dist/compiled/next-server/app-page.runtime.dev.js:35:11808)
    at /app/applet/node_modules/next/dist/compiled/next-server/app-page.runtime.dev.js:35:16871
    at aw (/app/applet/node_modules/next/dist/compiled/next-server/app-page.runtime.dev.js:35:16908) {
  digest: '11866675'
}
[INTERCEPTED ERROR] TypeError: Cannot read properties of null (reading 'useContext')
    at t.useContext (/app/applet/node_modules/next/dist/compiled/next-server/app-page.runtime.prod.js:12:109421)
    at d (/app/applet/.next/server/chunks/569.js:1:31369)
    at h (/app/applet/.next/server/chunks/569.js:1:23307)
    at au (/app/applet/node_modules/next/dist/compiled/next-server/app-page.runtime.dev.js:35:10446)
    at /app/applet/node_modules/next/dist/compiled/next-server/app-page.runtime.dev.js:35:15122
    at aw (/app/applet/node_modules/next/dist/compiled/next-server/app-page.runtime.dev.js:35:16908)
    at a_ (/app/applet/node_modules/next/dist/compiled/next-server/app-page.runtime.dev.js:35:49776)
    at ab (/app/applet/node_modules/next/dist/compiled/next-server/app-page.runtime.dev.js:35:11808)
    at /app/applet/node_modules/next/dist/compiled/next-server/app-page.runtime.dev.js:35:16871
    at aw (/app/applet/node_modules/next/dist/compiled/next-server/app-page.runtime.dev.js:35:16908)
[INTERCEPTED ERROR] 
Error occurred prerendering page "/r/tools-shazam". Read more: https://nextjs.org/docs/messages/prerender-error

[INTERCEPTED ERROR] TypeError: Cannot read properties of null (reading 'useContext')
    at t.useContext (/app/applet/node_modules/next/dist/compiled/next-server/app-page.runtime.prod.js:12:109421)
    at d (/app/applet/.next/server/chunks/569.js:1:31369)
    at h (/app/applet/.next/server/chunks/569.js:1:23307)
    at au (/app/applet/node_modules/next/dist/compiled/next-server/app-page.runtime.dev.js:35:10446)
    at /app/applet/node_modules/next/dist/compiled/next-server/app-page.runtime.dev.js:35:15122
    at aw (/app/applet/node_modules/next/dist/compiled/next-server/app-page.runtime.dev.js:35:16908)
    at a_ (/app/applet/node_modules/next/dist/compiled/next-server/app-page.runtime.dev.js:35:49776)
    at ab (/app/applet/node_modules/next/dist/compiled/next-server/app-page.runtime.dev.js:35:11808)
    at /app/applet/node_modules/next/dist/compiled/next-server/app-page.runtime.dev.js:35:16871
    at aw (/app/applet/node_modules/next/dist/compiled/next-server/app-page.runtime.dev.js:35:16908)
[INTERCEPTED ERROR] TypeError: Cannot read properties of null (reading 'useContext')
    at t.useContext (/app/applet/node_modules/next/dist/compiled/next-server/app-page.runtime.prod.js:12:109421)
    at d (/app/applet/.next/server/chunks/569.js:1:31369)
    at h (/app/applet/.next/server/chunks/569.js:1:23307)
    at au (/app/applet/node_modules/next/dist/compiled/next-server/app-page.runtime.dev.js:35:10446)
    at /app/applet/node_modules/next/dist/compiled/next-server/app-page.runtime.dev.js:35:15122
    at aw (/app/applet/node_modules/next/dist/compiled/next-server/app-page.runtime.dev.js:35:16908)
    at a_ (/app/applet/node_modules/next/dist/compiled/next-server/app-page.runtime.dev.js:35:49776)
    at ab (/app/applet/node_modules/next/dist/compiled/next-server/app-page.runtime.dev.js:35:11808)
    at /app/applet/node_modules/next/dist/compiled/next-server/app-page.runtime.dev.js:35:16871
    at aw (/app/applet/node_modules/next/dist/compiled/next-server/app-page.runtime.dev.js:35:16908) {
  digest: '11866675'
}
[INTERCEPTED ERROR] TypeError: Cannot read properties of null (reading 'useContext')
    at t.useContext (/app/applet/node_modules/next/dist/compiled/next-server/app-page.runtime.prod.js:12:109421)
    at d (/app/applet/.next/server/chunks/569.js:1:31369)
    at h (/app/applet/.next/server/chunks/569.js:1:23307)
    at au (/app/applet/node_modules/next/dist/compiled/next-server/app-page.runtime.dev.js:35:10446)
    at /app/applet/node_modules/next/dist/compiled/next-server/app-page.runtime.dev.js:35:15122
    at aw (/app/applet/node_modules/next/dist/compiled/next-server/app-page.runtime.dev.js:35:16908)
    at a_ (/app/applet/node_modules/next/dist/compiled/next-server/app-page.runtime.dev.js:35:49776)
    at ab (/app/applet/node_modules/next/dist/compiled/next-server/app-page.runtime.dev.js:35:11808)
    at /app/applet/node_modules/next/dist/compiled/next-server/app-page.runtime.dev.js:35:16871
    at aw (/app/applet/node_modules/next/dist/compiled/next-server/app-page.runtime.dev.js:35:16908)
[INTERCEPTED ERROR] 
Error occurred prerendering page "/r/tools-unmanic". Read more: https://nextjs.org/docs/messages/prerender-error

[INTERCEPTED ERROR] TypeError: Cannot read properties of null (reading 'useContext')
    at t.useContext (/app/applet/node_modules/next/dist/compiled/next-server/app-page.runtime.prod.js:12:109421)
    at d (/app/applet/.next/server/chunks/569.js:1:31369)
    at h (/app/applet/.next/server/chunks/569.js:1:23307)
    at au (/app/applet/node_modules/next/dist/compiled/next-server/app-page.runtime.dev.js:35:10446)
    at /app/applet/node_modules/next/dist/compiled/next-server/app-page.runtime.dev.js:35:15122
    at aw (/app/applet/node_modules/next/dist/compiled/next-server/app-page.runtime.dev.js:35:16908)
    at a_ (/app/applet/node_modules/next/dist/compiled/next-server/app-page.runtime.dev.js:35:49776)
    at ab (/app/applet/node_modules/next/dist/compiled/next-server/app-page.runtime.dev.js:35:11808)
    at /app/applet/node_modules/next/dist/compiled/next-server/app-page.runtime.dev.js:35:16871
    at aw (/app/applet/node_modules/next/dist/compiled/next-server/app-page.runtime.dev.js:35:16908)
   Generating static pages (42/56) 
[INTERCEPTED ERROR] TypeError: Cannot read properties of null (reading 'useContext')
    at t.useContext (/app/applet/node_modules/next/dist/compiled/next-server/app-page.runtime.prod.js:12:109421)
    at d (/app/applet/.next/server/chunks/569.js:1:31369)
    at h (/app/applet/.next/server/chunks/569.js:1:23307)
    at au (/app/applet/node_modules/next/dist/compiled/next-server/app-page.runtime.dev.js:35:10446)
    at /app/applet/node_modules/next/dist/compiled/next-server/app-page.runtime.dev.js:35:15122
    at aw (/app/applet/node_modules/next/dist/compiled/next-server/app-page.runtime.dev.js:35:16908)
    at a_ (/app/applet/node_modules/next/dist/compiled/next-server/app-page.runtime.dev.js:35:49776)
    at ab (/app/applet/node_modules/next/dist/compiled/next-server/app-page.runtime.dev.js:35:11808)
    at /app/applet/node_modules/next/dist/compiled/next-server/app-page.runtime.dev.js:35:16871
    at aw (/app/applet/node_modules/next/dist/compiled/next-server/app-page.runtime.dev.js:35:16908) {
  digest: '11866675'
}
[INTERCEPTED ERROR] TypeError: Cannot read properties of null (reading 'useContext')
    at t.useContext (/app/applet/node_modules/next/dist/compiled/next-server/app-page.runtime.prod.js:12:109421)
    at d (/app/applet/.next/server/chunks/569.js:1:31369)
    at h (/app/applet/.next/server/chunks/569.js:1:23307)
    at au (/app/applet/node_modules/next/dist/compiled/next-server/app-page.runtime.dev.js:35:10446)
    at /app/applet/node_modules/next/dist/compiled/next-server/app-page.runtime.dev.js:35:15122
    at aw (/app/applet/node_modules/next/dist/compiled/next-server/app-page.runtime.dev.js:35:16908)
    at a_ (/app/applet/node_modules/next/dist/compiled/next-server/app-page.runtime.dev.js:35:49776)
    at ab (/app/applet/node_modules/next/dist/compiled/next-server/app-page.runtime.dev.js:35:11808)
    at /app/applet/node_modules/next/dist/compiled/next-server/app-page.runtime.dev.js:35:16871
    at aw (/app/applet/node_modules/next/dist/compiled/next-server/app-page.runtime.dev.js:35:16908)
[INTERCEPTED ERROR] 
Error occurred prerendering page "/r/adblock-ublock". Read more: https://nextjs.org/docs/messages/prerender-error

[INTERCEPTED ERROR] TypeError: Cannot read properties of null (reading 'useContext')
    at t.useContext (/app/applet/node_modules/next/dist/compiled/next-server/app-page.runtime.prod.js:12:109421)
    at d (/app/applet/.next/server/chunks/569.js:1:31369)
    at h (/app/applet/.next/server/chunks/569.js:1:23307)
    at au (/app/applet/node_modules/next/dist/compiled/next-server/app-page.runtime.dev.js:35:10446)
    at /app/applet/node_modules/next/dist/compiled/next-server/app-page.runtime.dev.js:35:15122
    at aw (/app/applet/node_modules/next/dist/compiled/next-server/app-page.runtime.dev.js:35:16908)
    at a_ (/app/applet/node_modules/next/dist/compiled/next-server/app-page.runtime.dev.js:35:49776)
    at ab (/app/applet/node_modules/next/dist/compiled/next-server/app-page.runtime.dev.js:35:11808)
    at /app/applet/node_modules/next/dist/compiled/next-server/app-page.runtime.dev.js:35:16871
    at aw (/app/applet/node_modules/next/dist/compiled/next-server/app-page.runtime.dev.js:35:16908)
[INTERCEPTED ERROR] TypeError: Cannot read properties of null (reading 'useContext')
    at t.useContext (/app/applet/node_modules/next/dist/compiled/next-server/app-page.runtime.prod.js:12:109421)
    at d (/app/applet/.next/server/chunks/569.js:1:31369)
    at h (/app/applet/.next/server/chunks/569.js:1:23307)
    at au (/app/applet/node_modules/next/dist/compiled/next-server/app-page.runtime.dev.js:35:10446)
    at /app/applet/node_modules/next/dist/compiled/next-server/app-page.runtime.dev.js:35:15122
    at aw (/app/applet/node_modules/next/dist/compiled/next-server/app-page.runtime.dev.js:35:16908)
    at a_ (/app/applet/node_modules/next/dist/compiled/next-server/app-page.runtime.dev.js:35:49776)
    at ab (/app/applet/node_modules/next/dist/compiled/next-server/app-page.runtime.dev.js:35:11808)
    at /app/applet/node_modules/next/dist/compiled/next-server/app-page.runtime.dev.js:35:16871
    at aw (/app/applet/node_modules/next/dist/compiled/next-server/app-page.runtime.dev.js:35:16908) {
  digest: '11866675'
}
[INTERCEPTED ERROR] TypeError: Cannot read properties of null (reading 'useContext')
    at t.useContext (/app/applet/node_modules/next/dist/compiled/next-server/app-page.runtime.prod.js:12:109421)
    at d (/app/applet/.next/server/chunks/569.js:1:31369)
    at h (/app/applet/.next/server/chunks/569.js:1:23307)
    at au (/app/applet/node_modules/next/dist/compiled/next-server/app-page.runtime.dev.js:35:10446)
    at /app/applet/node_modules/next/dist/compiled/next-server/app-page.runtime.dev.js:35:15122
    at aw (/app/applet/node_modules/next/dist/compiled/next-server/app-page.runtime.dev.js:35:16908)
    at a_ (/app/applet/node_modules/next/dist/compiled/next-server/app-page.runtime.dev.js:35:49776)
    at ab (/app/applet/node_modules/next/dist/compiled/next-server/app-page.runtime.dev.js:35:11808)
    at /app/applet/node_modules/next/dist/compiled/next-server/app-page.runtime.dev.js:35:16871
    at aw (/app/applet/node_modules/next/dist/compiled/next-server/app-page.runtime.dev.js:35:16908)
[INTERCEPTED ERROR] 
Error occurred prerendering page "/r/adblock-adguard". Read more: https://nextjs.org/docs/messages/prerender-error

[INTERCEPTED ERROR] TypeError: Cannot read properties of null (reading 'useContext')
    at t.useContext (/app/applet/node_modules/next/dist/compiled/next-server/app-page.runtime.prod.js:12:109421)
    at d (/app/applet/.next/server/chunks/569.js:1:31369)
    at h (/app/applet/.next/server/chunks/569.js:1:23307)
    at au (/app/applet/node_modules/next/dist/compiled/next-server/app-page.runtime.dev.js:35:10446)
    at /app/applet/node_modules/next/dist/compiled/next-server/app-page.runtime.dev.js:35:15122
    at aw (/app/applet/node_modules/next/dist/compiled/next-server/app-page.runtime.dev.js:35:16908)
    at a_ (/app/applet/node_modules/next/dist/compiled/next-server/app-page.runtime.dev.js:35:49776)
    at ab (/app/applet/node_modules/next/dist/compiled/next-server/app-page.runtime.dev.js:35:11808)
    at /app/applet/node_modules/next/dist/compiled/next-server/app-page.runtime.dev.js:35:16871
    at aw (/app/applet/node_modules/next/dist/compiled/next-server/app-page.runtime.dev.js:35:16908)
[INTERCEPTED ERROR] TypeError: Cannot read properties of null (reading 'useContext')
    at t.useContext (/app/applet/node_modules/next/dist/compiled/next-server/app-page.runtime.prod.js:12:109421)
    at d (/app/applet/.next/server/chunks/569.js:1:31369)
    at h (/app/applet/.next/server/chunks/569.js:1:23307)
    at au (/app/applet/node_modules/next/dist/compiled/next-server/app-page.runtime.dev.js:35:10446)
    at /app/applet/node_modules/next/dist/compiled/next-server/app-page.runtime.dev.js:35:15122
    at aw (/app/applet/node_modules/next/dist/compiled/next-server/app-page.runtime.dev.js:35:16908)
    at a_ (/app/applet/node_modules/next/dist/compiled/next-server/app-page.runtime.dev.js:35:49776)
    at ab (/app/applet/node_modules/next/dist/compiled/next-server/app-page.runtime.dev.js:35:11808)
    at /app/applet/node_modules/next/dist/compiled/next-server/app-page.runtime.dev.js:35:16871
    at aw (/app/applet/node_modules/next/dist/compiled/next-server/app-page.runtime.dev.js:35:16908) {
  digest: '11866675'
}
[INTERCEPTED ERROR] TypeError: Cannot read properties of null (reading 'useContext')
    at t.useContext (/app/applet/node_modules/next/dist/compiled/next-server/app-page.runtime.prod.js:12:109421)
    at d (/app/applet/.next/server/chunks/569.js:1:31369)
    at h (/app/applet/.next/server/chunks/569.js:1:23307)
    at au (/app/applet/node_modules/next/dist/compiled/next-server/app-page.runtime.dev.js:35:10446)
    at /app/applet/node_modules/next/dist/compiled/next-server/app-page.runtime.dev.js:35:15122
    at aw (/app/applet/node_modules/next/dist/compiled/next-server/app-page.runtime.dev.js:35:16908)
    at a_ (/app/applet/node_modules/next/dist/compiled/next-server/app-page.runtime.dev.js:35:49776)
    at ab (/app/applet/node_modules/next/dist/compiled/next-server/app-page.runtime.dev.js:35:11808)
    at /app/applet/node_modules/next/dist/compiled/next-server/app-page.runtime.dev.js:35:16871
    at aw (/app/applet/node_modules/next/dist/compiled/next-server/app-page.runtime.dev.js:35:16908)
[INTERCEPTED ERROR] 
Error occurred prerendering page "/r/adblock-pihole". Read more: https://nextjs.org/docs/messages/prerender-error

[INTERCEPTED ERROR] TypeError: Cannot read properties of null (reading 'useContext')
    at t.useContext (/app/applet/node_modules/next/dist/compiled/next-server/app-page.runtime.prod.js:12:109421)
    at d (/app/applet/.next/server/chunks/569.js:1:31369)
    at h (/app/applet/.next/server/chunks/569.js:1:23307)
    at au (/app/applet/node_modules/next/dist/compiled/next-server/app-page.runtime.dev.js:35:10446)
    at /app/applet/node_modules/next/dist/compiled/next-server/app-page.runtime.dev.js:35:15122
    at aw (/app/applet/node_modules/next/dist/compiled/next-server/app-page.runtime.dev.js:35:16908)
    at a_ (/app/applet/node_modules/next/dist/compiled/next-server/app-page.runtime.dev.js:35:49776)
    at ab (/app/applet/node_modules/next/dist/compiled/next-server/app-page.runtime.dev.js:35:11808)
    at /app/applet/node_modules/next/dist/compiled/next-server/app-page.runtime.dev.js:35:16871
    at aw (/app/applet/node_modules/next/dist/compiled/next-server/app-page.runtime.dev.js:35:16908)
[INTERCEPTED ERROR] TypeError: Cannot read properties of null (reading 'useContext')
    at t.useContext (/app/applet/node_modules/next/dist/compiled/next-server/app-page.runtime.prod.js:12:109421)
    at d (/app/applet/.next/server/chunks/569.js:1:31369)
    at h (/app/applet/.next/server/chunks/569.js:1:23307)
    at au (/app/applet/node_modules/next/dist/compiled/next-server/app-page.runtime.dev.js:35:10446)
    at /app/applet/node_modules/next/dist/compiled/next-server/app-page.runtime.dev.js:35:15122
    at aw (/app/applet/node_modules/next/dist/compiled/next-server/app-page.runtime.dev.js:35:16908)
    at a_ (/app/applet/node_modules/next/dist/compiled/next-server/app-page.runtime.dev.js:35:49776)
    at ab (/app/applet/node_modules/next/dist/compiled/next-server/app-page.runtime.dev.js:35:11808)
    at /app/applet/node_modules/next/dist/compiled/next-server/app-page.runtime.dev.js:35:16871
    at aw (/app/applet/node_modules/next/dist/compiled/next-server/app-page.runtime.dev.js:35:16908) {
  digest: '11866675'
}
[INTERCEPTED ERROR] TypeError: Cannot read properties of null (reading 'useContext')
    at t.useContext (/app/applet/node_modules/next/dist/compiled/next-server/app-page.runtime.prod.js:12:109421)
    at d (/app/applet/.next/server/chunks/569.js:1:31369)
    at h (/app/applet/.next/server/chunks/569.js:1:23307)
    at au (/app/applet/node_modules/next/dist/compiled/next-server/app-page.runtime.dev.js:35:10446)
    at /app/applet/node_modules/next/dist/compiled/next-server/app-page.runtime.dev.js:35:15122
    at aw (/app/applet/node_modules/next/dist/compiled/next-server/app-page.runtime.dev.js:35:16908)
    at a_ (/app/applet/node_modules/next/dist/compiled/next-server/app-page.runtime.dev.js:35:49776)
    at ab (/app/applet/node_modules/next/dist/compiled/next-server/app-page.runtime.dev.js:35:11808)
    at /app/applet/node_modules/next/dist/compiled/next-server/app-page.runtime.dev.js:35:16871
    at aw (/app/applet/node_modules/next/dist/compiled/next-server/app-page.runtime.dev.js:35:16908)
[INTERCEPTED ERROR] 
Error occurred prerendering page "/r/adblock-brave". Read more: https://nextjs.org/docs/messages/prerender-error

[INTERCEPTED ERROR] TypeError: Cannot read properties of null (reading 'useContext')
    at t.useContext (/app/applet/node_modules/next/dist/compiled/next-server/app-page.runtime.prod.js:12:109421)
    at d (/app/applet/.next/server/chunks/569.js:1:31369)
    at h (/app/applet/.next/server/chunks/569.js:1:23307)
    at au (/app/applet/node_modules/next/dist/compiled/next-server/app-page.runtime.dev.js:35:10446)
    at /app/applet/node_modules/next/dist/compiled/next-server/app-page.runtime.dev.js:35:15122
    at aw (/app/applet/node_modules/next/dist/compiled/next-server/app-page.runtime.dev.js:35:16908)
    at a_ (/app/applet/node_modules/next/dist/compiled/next-server/app-page.runtime.dev.js:35:49776)
    at ab (/app/applet/node_modules/next/dist/compiled/next-server/app-page.runtime.dev.js:35:11808)
    at /app/applet/node_modules/next/dist/compiled/next-server/app-page.runtime.dev.js:35:16871
    at aw (/app/applet/node_modules/next/dist/compiled/next-server/app-page.runtime.dev.js:35:16908)
[INTERCEPTED ERROR] TypeError: Cannot read properties of null (reading 'useContext')
    at t.useContext (/app/applet/node_modules/next/dist/compiled/next-server/app-page.runtime.prod.js:12:109421)
    at d (/app/applet/.next/server/chunks/569.js:1:31369)
    at h (/app/applet/.next/server/chunks/569.js:1:23307)
    at au (/app/applet/node_modules/next/dist/compiled/next-server/app-page.runtime.dev.js:35:10446)
    at /app/applet/node_modules/next/dist/compiled/next-server/app-page.runtime.dev.js:35:15122
    at aw (/app/applet/node_modules/next/dist/compiled/next-server/app-page.runtime.dev.js:35:16908)
    at a_ (/app/applet/node_modules/next/dist/compiled/next-server/app-page.runtime.dev.js:35:49776)
    at ab (/app/applet/node_modules/next/dist/compiled/next-server/app-page.runtime.dev.js:35:11808)
    at /app/applet/node_modules/next/dist/compiled/next-server/app-page.runtime.dev.js:35:16871
    at aw (/app/applet/node_modules/next/dist/compiled/next-server/app-page.runtime.dev.js:35:16908) {
  digest: '11866675'
}
[INTERCEPTED ERROR] TypeError: Cannot read properties of null (reading 'useContext')
    at t.useContext (/app/applet/node_modules/next/dist/compiled/next-server/app-page.runtime.prod.js:12:109421)
    at d (/app/applet/.next/server/chunks/569.js:1:31369)
    at h (/app/applet/.next/server/chunks/569.js:1:23307)
    at au (/app/applet/node_modules/next/dist/compiled/next-server/app-page.runtime.dev.js:35:10446)
    at /app/applet/node_modules/next/dist/compiled/next-server/app-page.runtime.dev.js:35:15122
    at aw (/app/applet/node_modules/next/dist/compiled/next-server/app-page.runtime.dev.js:35:16908)
    at a_ (/app/applet/node_modules/next/dist/compiled/next-server/app-page.runtime.dev.js:35:49776)
    at ab (/app/applet/node_modules/next/dist/compiled/next-server/app-page.runtime.dev.js:35:11808)
    at /app/applet/node_modules/next/dist/compiled/next-server/app-page.runtime.dev.js:35:16871
    at aw (/app/applet/node_modules/next/dist/compiled/next-server/app-page.runtime.dev.js:35:16908)
[INTERCEPTED ERROR] 
Error occurred prerendering page "/r/adblock-ghostery". Read more: https://nextjs.org/docs/messages/prerender-error

[INTERCEPTED ERROR] TypeError: Cannot read properties of null (reading 'useContext')
    at t.useContext (/app/applet/node_modules/next/dist/compiled/next-server/app-page.runtime.prod.js:12:109421)
    at d (/app/applet/.next/server/chunks/569.js:1:31369)
    at h (/app/applet/.next/server/chunks/569.js:1:23307)
    at au (/app/applet/node_modules/next/dist/compiled/next-server/app-page.runtime.dev.js:35:10446)
    at /app/applet/node_modules/next/dist/compiled/next-server/app-page.runtime.dev.js:35:15122
    at aw (/app/applet/node_modules/next/dist/compiled/next-server/app-page.runtime.dev.js:35:16908)
    at a_ (/app/applet/node_modules/next/dist/compiled/next-server/app-page.runtime.dev.js:35:49776)
    at ab (/app/applet/node_modules/next/dist/compiled/next-server/app-page.runtime.dev.js:35:11808)
    at /app/applet/node_modules/next/dist/compiled/next-server/app-page.runtime.dev.js:35:16871
    at aw (/app/applet/node_modules/next/dist/compiled/next-server/app-page.runtime.dev.js:35:16908)
[INTERCEPTED ERROR] TypeError: Cannot read properties of null (reading 'useContext')
    at t.useContext (/app/applet/node_modules/next/dist/compiled/next-server/app-page.runtime.prod.js:12:109421)
    at d (/app/applet/.next/server/chunks/569.js:1:31369)
    at h (/app/applet/.next/server/chunks/569.js:1:23307)
    at au (/app/applet/node_modules/next/dist/compiled/next-server/app-page.runtime.dev.js:35:10446)
    at /app/applet/node_modules/next/dist/compiled/next-server/app-page.runtime.dev.js:35:15122
    at aw (/app/applet/node_modules/next/dist/compiled/next-server/app-page.runtime.dev.js:35:16908)
    at a_ (/app/applet/node_modules/next/dist/compiled/next-server/app-page.runtime.dev.js:35:49776)
    at ab (/app/applet/node_modules/next/dist/compiled/next-server/app-page.runtime.dev.js:35:11808)
    at /app/applet/node_modules/next/dist/compiled/next-server/app-page.runtime.dev.js:35:16871
    at aw (/app/applet/node_modules/next/dist/compiled/next-server/app-page.runtime.dev.js:35:16908) {
  digest: '11866675'
}
[INTERCEPTED ERROR] TypeError: Cannot read properties of null (reading 'useContext')
    at t.useContext (/app/applet/node_modules/next/dist/compiled/next-server/app-page.runtime.prod.js:12:109421)
    at d (/app/applet/.next/server/chunks/569.js:1:31369)
    at h (/app/applet/.next/server/chunks/569.js:1:23307)
    at au (/app/applet/node_modules/next/dist/compiled/next-server/app-page.runtime.dev.js:35:10446)
    at /app/applet/node_modules/next/dist/compiled/next-server/app-page.runtime.dev.js:35:15122
    at aw (/app/applet/node_modules/next/dist/compiled/next-server/app-page.runtime.dev.js:35:16908)
    at a_ (/app/applet/node_modules/next/dist/compiled/next-server/app-page.runtime.dev.js:35:49776)
    at ab (/app/applet/node_modules/next/dist/compiled/next-server/app-page.runtime.dev.js:35:11808)
    at /app/applet/node_modules/next/dist/compiled/next-server/app-page.runtime.dev.js:35:16871
    at aw (/app/applet/node_modules/next/dist/compiled/next-server/app-page.runtime.dev.js:35:16908)
[INTERCEPTED ERROR] 
Error occurred prerendering page "/r/adblock-hosts". Read more: https://nextjs.org/docs/messages/prerender-error

[INTERCEPTED ERROR] TypeError: Cannot read properties of null (reading 'useContext')
    at t.useContext (/app/applet/node_modules/next/dist/compiled/next-server/app-page.runtime.prod.js:12:109421)
    at d (/app/applet/.next/server/chunks/569.js:1:31369)
    at h (/app/applet/.next/server/chunks/569.js:1:23307)
    at au (/app/applet/node_modules/next/dist/compiled/next-server/app-page.runtime.dev.js:35:10446)
    at /app/applet/node_modules/next/dist/compiled/next-server/app-page.runtime.dev.js:35:15122
    at aw (/app/applet/node_modules/next/dist/compiled/next-server/app-page.runtime.dev.js:35:16908)
    at a_ (/app/applet/node_modules/next/dist/compiled/next-server/app-page.runtime.dev.js:35:49776)
    at ab (/app/applet/node_modules/next/dist/compiled/next-server/app-page.runtime.dev.js:35:11808)
    at /app/applet/node_modules/next/dist/compiled/next-server/app-page.runtime.dev.js:35:16871
    at aw (/app/applet/node_modules/next/dist/compiled/next-server/app-page.runtime.dev.js:35:16908)
[INTERCEPTED ERROR] TypeError: Cannot read properties of null (reading 'useContext')
    at t.useContext (/app/applet/node_modules/next/dist/compiled/next-server/app-page.runtime.prod.js:12:109421)
    at d (/app/applet/.next/server/chunks/569.js:1:31369)
    at h (/app/applet/.next/server/chunks/569.js:1:23307)
    at au (/app/applet/node_modules/next/dist/compiled/next-server/app-page.runtime.dev.js:35:10446)
    at /app/applet/node_modules/next/dist/compiled/next-server/app-page.runtime.dev.js:35:15122
    at aw (/app/applet/node_modules/next/dist/compiled/next-server/app-page.runtime.dev.js:35:16908)
    at a_ (/app/applet/node_modules/next/dist/compiled/next-server/app-page.runtime.dev.js:35:49776)
    at ab (/app/applet/node_modules/next/dist/compiled/next-server/app-page.runtime.dev.js:35:11808)
    at /app/applet/node_modules/next/dist/compiled/next-server/app-page.runtime.dev.js:35:16871
    at aw (/app/applet/node_modules/next/dist/compiled/next-server/app-page.runtime.dev.js:35:16908) {
  digest: '11866675'
}
[INTERCEPTED ERROR] TypeError: Cannot read properties of null (reading 'useContext')
    at t.useContext (/app/applet/node_modules/next/dist/compiled/next-server/app-page.runtime.prod.js:12:109421)
    at d (/app/applet/.next/server/chunks/569.js:1:31369)
    at h (/app/applet/.next/server/chunks/569.js:1:23307)
    at au (/app/applet/node_modules/next/dist/compiled/next-server/app-page.runtime.dev.js:35:10446)
    at /app/applet/node_modules/next/dist/compiled/next-server/app-page.runtime.dev.js:35:15122
    at aw (/app/applet/node_modules/next/dist/compiled/next-server/app-page.runtime.dev.js:35:16908)
    at a_ (/app/applet/node_modules/next/dist/compiled/next-server/app-page.runtime.dev.js:35:49776)
    at ab (/app/applet/node_modules/next/dist/compiled/next-server/app-page.runtime.dev.js:35:11808)
    at /app/applet/node_modules/next/dist/compiled/next-server/app-page.runtime.dev.js:35:16871
    at aw (/app/applet/node_modules/next/dist/compiled/next-server/app-page.runtime.dev.js:35:16908)
[INTERCEPTED ERROR] 
Error occurred prerendering page "/r/android-apkmirror". Read more: https://nextjs.org/docs/messages/prerender-error

[INTERCEPTED ERROR] TypeError: Cannot read properties of null (reading 'useContext')
    at t.useContext (/app/applet/node_modules/next/dist/compiled/next-server/app-page.runtime.prod.js:12:109421)
    at d (/app/applet/.next/server/chunks/569.js:1:31369)
    at h (/app/applet/.next/server/chunks/569.js:1:23307)
    at au (/app/applet/node_modules/next/dist/compiled/next-server/app-page.runtime.dev.js:35:10446)
    at /app/applet/node_modules/next/dist/compiled/next-server/app-page.runtime.dev.js:35:15122
    at aw (/app/applet/node_modules/next/dist/compiled/next-server/app-page.runtime.dev.js:35:16908)
    at a_ (/app/applet/node_modules/next/dist/compiled/next-server/app-page.runtime.dev.js:35:49776)
    at ab (/app/applet/node_modules/next/dist/compiled/next-server/app-page.runtime.dev.js:35:11808)
    at /app/applet/node_modules/next/dist/compiled/next-server/app-page.runtime.dev.js:35:16871
    at aw (/app/applet/node_modules/next/dist/compiled/next-server/app-page.runtime.dev.js:35:16908)
[INTERCEPTED ERROR] TypeError: Cannot read properties of null (reading 'useContext')
    at t.useContext (/app/applet/node_modules/next/dist/compiled/next-server/app-page.runtime.prod.js:12:109421)
    at d (/app/applet/.next/server/chunks/569.js:1:31369)
    at h (/app/applet/.next/server/chunks/569.js:1:23307)
    at au (/app/applet/node_modules/next/dist/compiled/next-server/app-page.runtime.dev.js:35:10446)
    at /app/applet/node_modules/next/dist/compiled/next-server/app-page.runtime.dev.js:35:15122
    at aw (/app/applet/node_modules/next/dist/compiled/next-server/app-page.runtime.dev.js:35:16908)
    at a_ (/app/applet/node_modules/next/dist/compiled/next-server/app-page.runtime.dev.js:35:49776)
    at ab (/app/applet/node_modules/next/dist/compiled/next-server/app-page.runtime.dev.js:35:11808)
    at /app/applet/node_modules/next/dist/compiled/next-server/app-page.runtime.dev.js:35:16871
    at aw (/app/applet/node_modules/next/dist/compiled/next-server/app-page.runtime.dev.js:35:16908) {
  digest: '11866675'
}
[INTERCEPTED ERROR] TypeError: Cannot read properties of null (reading 'useContext')
    at t.useContext (/app/applet/node_modules/next/dist/compiled/next-server/app-page.runtime.prod.js:12:109421)
    at d (/app/applet/.next/server/chunks/569.js:1:31369)
    at h (/app/applet/.next/server/chunks/569.js:1:23307)
    at au (/app/applet/node_modules/next/dist/compiled/next-server/app-page.runtime.dev.js:35:10446)
    at /app/applet/node_modules/next/dist/compiled/next-server/app-page.runtime.dev.js:35:15122
    at aw (/app/applet/node_modules/next/dist/compiled/next-server/app-page.runtime.dev.js:35:16908)
    at a_ (/app/applet/node_modules/next/dist/compiled/next-server/app-page.runtime.dev.js:35:49776)
    at ab (/app/applet/node_modules/next/dist/compiled/next-server/app-page.runtime.dev.js:35:11808)
    at /app/applet/node_modules/next/dist/compiled/next-server/app-page.runtime.dev.js:35:16871
    at aw (/app/applet/node_modules/next/dist/compiled/next-server/app-page.runtime.dev.js:35:16908)
[INTERCEPTED ERROR] 
Error occurred prerendering page "/r/android-fdroid". Read more: https://nextjs.org/docs/messages/prerender-error

[INTERCEPTED ERROR] TypeError: Cannot read properties of null (reading 'useContext')
    at t.useContext (/app/applet/node_modules/next/dist/compiled/next-server/app-page.runtime.prod.js:12:109421)
    at d (/app/applet/.next/server/chunks/569.js:1:31369)
    at h (/app/applet/.next/server/chunks/569.js:1:23307)
    at au (/app/applet/node_modules/next/dist/compiled/next-server/app-page.runtime.dev.js:35:10446)
    at /app/applet/node_modules/next/dist/compiled/next-server/app-page.runtime.dev.js:35:15122
    at aw (/app/applet/node_modules/next/dist/compiled/next-server/app-page.runtime.dev.js:35:16908)
    at a_ (/app/applet/node_modules/next/dist/compiled/next-server/app-page.runtime.dev.js:35:49776)
    at ab (/app/applet/node_modules/next/dist/compiled/next-server/app-page.runtime.dev.js:35:11808)
    at /app/applet/node_modules/next/dist/compiled/next-server/app-page.runtime.dev.js:35:16871
    at aw (/app/applet/node_modules/next/dist/compiled/next-server/app-page.runtime.dev.js:35:16908)
[INTERCEPTED ERROR] TypeError: Cannot read properties of null (reading 'useContext')
    at t.useContext (/app/applet/node_modules/next/dist/compiled/next-server/app-page.runtime.prod.js:12:109421)
    at d (/app/applet/.next/server/chunks/569.js:1:31369)
    at h (/app/applet/.next/server/chunks/569.js:1:23307)
    at au (/app/applet/node_modules/next/dist/compiled/next-server/app-page.runtime.dev.js:35:10446)
    at /app/applet/node_modules/next/dist/compiled/next-server/app-page.runtime.dev.js:35:15122
    at aw (/app/applet/node_modules/next/dist/compiled/next-server/app-page.runtime.dev.js:35:16908)
    at a_ (/app/applet/node_modules/next/dist/compiled/next-server/app-page.runtime.dev.js:35:49776)
    at ab (/app/applet/node_modules/next/dist/compiled/next-server/app-page.runtime.dev.js:35:11808)
    at /app/applet/node_modules/next/dist/compiled/next-server/app-page.runtime.dev.js:35:16871
    at aw (/app/applet/node_modules/next/dist/compiled/next-server/app-page.runtime.dev.js:35:16908) {
  digest: '11866675'
}
[INTERCEPTED ERROR] TypeError: Cannot read properties of null (reading 'useContext')
    at t.useContext (/app/applet/node_modules/next/dist/compiled/next-server/app-page.runtime.prod.js:12:109421)
    at d (/app/applet/.next/server/chunks/569.js:1:31369)
    at h (/app/applet/.next/server/chunks/569.js:1:23307)
    at au (/app/applet/node_modules/next/dist/compiled/next-server/app-page.runtime.dev.js:35:10446)
    at /app/applet/node_modules/next/dist/compiled/next-server/app-page.runtime.dev.js:35:15122
    at aw (/app/applet/node_modules/next/dist/compiled/next-server/app-page.runtime.dev.js:35:16908)
    at a_ (/app/applet/node_modules/next/dist/compiled/next-server/app-page.runtime.dev.js:35:49776)
    at ab (/app/applet/node_modules/next/dist/compiled/next-server/app-page.runtime.dev.js:35:11808)
    at /app/applet/node_modules/next/dist/compiled/next-server/app-page.runtime.dev.js:35:16871
    at aw (/app/applet/node_modules/next/dist/compiled/next-server/app-page.runtime.dev.js:35:16908)
[INTERCEPTED ERROR] 
Error occurred prerendering page "/r/android-newpipe". Read more: https://nextjs.org/docs/messages/prerender-error

[INTERCEPTED ERROR] TypeError: Cannot read properties of null (reading 'useContext')
    at t.useContext (/app/applet/node_modules/next/dist/compiled/next-server/app-page.runtime.prod.js:12:109421)
    at d (/app/applet/.next/server/chunks/569.js:1:31369)
    at h (/app/applet/.next/server/chunks/569.js:1:23307)
    at au (/app/applet/node_modules/next/dist/compiled/next-server/app-page.runtime.dev.js:35:10446)
    at /app/applet/node_modules/next/dist/compiled/next-server/app-page.runtime.dev.js:35:15122
    at aw (/app/applet/node_modules/next/dist/compiled/next-server/app-page.runtime.dev.js:35:16908)
    at a_ (/app/applet/node_modules/next/dist/compiled/next-server/app-page.runtime.dev.js:35:49776)
    at ab (/app/applet/node_modules/next/dist/compiled/next-server/app-page.runtime.dev.js:35:11808)
    at /app/applet/node_modules/next/dist/compiled/next-server/app-page.runtime.dev.js:35:16871
    at aw (/app/applet/node_modules/next/dist/compiled/next-server/app-page.runtime.dev.js:35:16908)
[INTERCEPTED ERROR] TypeError: Cannot read properties of null (reading 'useContext')
    at t.useContext (/app/applet/node_modules/next/dist/compiled/next-server/app-page.runtime.prod.js:12:109421)
    at d (/app/applet/.next/server/chunks/569.js:1:31369)
    at h (/app/applet/.next/server/chunks/569.js:1:23307)
    at au (/app/applet/node_modules/next/dist/compiled/next-server/app-page.runtime.dev.js:35:10446)
    at /app/applet/node_modules/next/dist/compiled/next-server/app-page.runtime.dev.js:35:15122
    at aw (/app/applet/node_modules/next/dist/compiled/next-server/app-page.runtime.dev.js:35:16908)
    at a_ (/app/applet/node_modules/next/dist/compiled/next-server/app-page.runtime.dev.js:35:49776)
    at ab (/app/applet/node_modules/next/dist/compiled/next-server/app-page.runtime.dev.js:35:11808)
    at /app/applet/node_modules/next/dist/compiled/next-server/app-page.runtime.dev.js:35:16871
    at aw (/app/applet/node_modules/next/dist/compiled/next-server/app-page.runtime.dev.js:35:16908) {
  digest: '11866675'
}
[INTERCEPTED ERROR] TypeError: Cannot read properties of null (reading 'useContext')
    at t.useContext (/app/applet/node_modules/next/dist/compiled/next-server/app-page.runtime.prod.js:12:109421)
    at d (/app/applet/.next/server/chunks/569.js:1:31369)
    at h (/app/applet/.next/server/chunks/569.js:1:23307)
    at au (/app/applet/node_modules/next/dist/compiled/next-server/app-page.runtime.dev.js:35:10446)
    at /app/applet/node_modules/next/dist/compiled/next-server/app-page.runtime.dev.js:35:15122
    at aw (/app/applet/node_modules/next/dist/compiled/next-server/app-page.runtime.dev.js:35:16908)
    at a_ (/app/applet/node_modules/next/dist/compiled/next-server/app-page.runtime.dev.js:35:49776)
    at ab (/app/applet/node_modules/next/dist/compiled/next-server/app-page.runtime.dev.js:35:11808)
    at /app/applet/node_modules/next/dist/compiled/next-server/app-page.runtime.dev.js:35:16871
    at aw (/app/applet/node_modules/next/dist/compiled/next-server/app-page.runtime.dev.js:35:16908)
[INTERCEPTED ERROR] 
Error occurred prerendering page "/r/android-revanced". Read more: https://nextjs.org/docs/messages/prerender-error

[INTERCEPTED ERROR] TypeError: Cannot read properties of null (reading 'useContext')
    at t.useContext (/app/applet/node_modules/next/dist/compiled/next-server/app-page.runtime.prod.js:12:109421)
    at d (/app/applet/.next/server/chunks/569.js:1:31369)
    at h (/app/applet/.next/server/chunks/569.js:1:23307)
    at au (/app/applet/node_modules/next/dist/compiled/next-server/app-page.runtime.dev.js:35:10446)
    at /app/applet/node_modules/next/dist/compiled/next-server/app-page.runtime.dev.js:35:15122
    at aw (/app/applet/node_modules/next/dist/compiled/next-server/app-page.runtime.dev.js:35:16908)
    at a_ (/app/applet/node_modules/next/dist/compiled/next-server/app-page.runtime.dev.js:35:49776)
    at ab (/app/applet/node_modules/next/dist/compiled/next-server/app-page.runtime.dev.js:35:11808)
    at /app/applet/node_modules/next/dist/compiled/next-server/app-page.runtime.dev.js:35:16871
    at aw (/app/applet/node_modules/next/dist/compiled/next-server/app-page.runtime.dev.js:35:16908)
[INTERCEPTED ERROR] TypeError: Cannot read properties of null (reading 'useContext')
    at t.useContext (/app/applet/node_modules/next/dist/compiled/next-server/app-page.runtime.prod.js:12:109421)
    at d (/app/applet/.next/server/chunks/569.js:1:31369)
    at h (/app/applet/.next/server/chunks/569.js:1:23307)
    at au (/app/applet/node_modules/next/dist/compiled/next-server/app-page.runtime.dev.js:35:10446)
    at /app/applet/node_modules/next/dist/compiled/next-server/app-page.runtime.dev.js:35:15122
    at aw (/app/applet/node_modules/next/dist/compiled/next-server/app-page.runtime.dev.js:35:16908)
    at a_ (/app/applet/node_modules/next/dist/compiled/next-server/app-page.runtime.dev.js:35:49776)
    at ab (/app/applet/node_modules/next/dist/compiled/next-server/app-page.runtime.dev.js:35:11808)
    at /app/applet/node_modules/next/dist/compiled/next-server/app-page.runtime.dev.js:35:16871
    at aw (/app/applet/node_modules/next/dist/compiled/next-server/app-page.runtime.dev.js:35:16908) {
  digest: '11866675'
}
[INTERCEPTED ERROR] TypeError: Cannot read properties of null (reading 'useContext')
    at t.useContext (/app/applet/node_modules/next/dist/compiled/next-server/app-page.runtime.prod.js:12:109421)
    at d (/app/applet/.next/server/chunks/569.js:1:31369)
    at h (/app/applet/.next/server/chunks/569.js:1:23307)
    at au (/app/applet/node_modules/next/dist/compiled/next-server/app-page.runtime.dev.js:35:10446)
    at /app/applet/node_modules/next/dist/compiled/next-server/app-page.runtime.dev.js:35:15122
    at aw (/app/applet/node_modules/next/dist/compiled/next-server/app-page.runtime.dev.js:35:16908)
    at a_ (/app/applet/node_modules/next/dist/compiled/next-server/app-page.runtime.dev.js:35:49776)
    at ab (/app/applet/node_modules/next/dist/compiled/next-server/app-page.runtime.dev.js:35:11808)
    at /app/applet/node_modules/next/dist/compiled/next-server/app-page.runtime.dev.js:35:16871
    at aw (/app/applet/node_modules/next/dist/compiled/next-server/app-page.runtime.dev.js:35:16908)
[INTERCEPTED ERROR] 
Error occurred prerendering page "/r/android-shizuku". Read more: https://nextjs.org/docs/messages/prerender-error

[INTERCEPTED ERROR] TypeError: Cannot read properties of null (reading 'useContext')
    at t.useContext (/app/applet/node_modules/next/dist/compiled/next-server/app-page.runtime.prod.js:12:109421)
    at d (/app/applet/.next/server/chunks/569.js:1:31369)
    at h (/app/applet/.next/server/chunks/569.js:1:23307)
    at au (/app/applet/node_modules/next/dist/compiled/next-server/app-page.runtime.dev.js:35:10446)
    at /app/applet/node_modules/next/dist/compiled/next-server/app-page.runtime.dev.js:35:15122
    at aw (/app/applet/node_modules/next/dist/compiled/next-server/app-page.runtime.dev.js:35:16908)
    at a_ (/app/applet/node_modules/next/dist/compiled/next-server/app-page.runtime.dev.js:35:49776)
    at ab (/app/applet/node_modules/next/dist/compiled/next-server/app-page.runtime.dev.js:35:11808)
    at /app/applet/node_modules/next/dist/compiled/next-server/app-page.runtime.dev.js:35:16871
    at aw (/app/applet/node_modules/next/dist/compiled/next-server/app-page.runtime.dev.js:35:16908)
[INTERCEPTED ERROR] TypeError: Cannot read properties of null (reading 'useContext')
    at t.useContext (/app/applet/node_modules/next/dist/compiled/next-server/app-page.runtime.prod.js:12:109421)
    at d (/app/applet/.next/server/chunks/569.js:1:31369)
    at h (/app/applet/.next/server/chunks/569.js:1:23307)
    at au (/app/applet/node_modules/next/dist/compiled/next-server/app-page.runtime.dev.js:35:10446)
    at /app/applet/node_modules/next/dist/compiled/next-server/app-page.runtime.dev.js:35:15122
    at aw (/app/applet/node_modules/next/dist/compiled/next-server/app-page.runtime.dev.js:35:16908)
    at a_ (/app/applet/node_modules/next/dist/compiled/next-server/app-page.runtime.dev.js:35:49776)
    at ab (/app/applet/node_modules/next/dist/compiled/next-server/app-page.runtime.dev.js:35:11808)
    at /app/applet/node_modules/next/dist/compiled/next-server/app-page.runtime.dev.js:35:16871
    at aw (/app/applet/node_modules/next/dist/compiled/next-server/app-page.runtime.dev.js:35:16908) {
  digest: '11866675'
}
[INTERCEPTED ERROR] TypeError: Cannot read properties of null (reading 'useContext')
    at t.useContext (/app/applet/node_modules/next/dist/compiled/next-server/app-page.runtime.prod.js:12:109421)
    at d (/app/applet/.next/server/chunks/569.js:1:31369)
    at h (/app/applet/.next/server/chunks/569.js:1:23307)
    at au (/app/applet/node_modules/next/dist/compiled/next-server/app-page.runtime.dev.js:35:10446)
    at /app/applet/node_modules/next/dist/compiled/next-server/app-page.runtime.dev.js:35:15122
    at aw (/app/applet/node_modules/next/dist/compiled/next-server/app-page.runtime.dev.js:35:16908)
    at a_ (/app/applet/node_modules/next/dist/compiled/next-server/app-page.runtime.dev.js:35:49776)
    at ab (/app/applet/node_modules/next/dist/compiled/next-server/app-page.runtime.dev.js:35:11808)
    at /app/applet/node_modules/next/dist/compiled/next-server/app-page.runtime.dev.js:35:16871
    at aw (/app/applet/node_modules/next/dist/compiled/next-server/app-page.runtime.dev.js:35:16908)
[INTERCEPTED ERROR] 
Error occurred prerendering page "/r/android-terabox". Read more: https://nextjs.org/docs/messages/prerender-error

[INTERCEPTED ERROR] TypeError: Cannot read properties of null (reading 'useContext')
    at t.useContext (/app/applet/node_modules/next/dist/compiled/next-server/app-page.runtime.prod.js:12:109421)
    at d (/app/applet/.next/server/chunks/569.js:1:31369)
    at h (/app/applet/.next/server/chunks/569.js:1:23307)
    at au (/app/applet/node_modules/next/dist/compiled/next-server/app-page.runtime.dev.js:35:10446)
    at /app/applet/node_modules/next/dist/compiled/next-server/app-page.runtime.dev.js:35:15122
    at aw (/app/applet/node_modules/next/dist/compiled/next-server/app-page.runtime.dev.js:35:16908)
    at a_ (/app/applet/node_modules/next/dist/compiled/next-server/app-page.runtime.dev.js:35:49776)
    at ab (/app/applet/node_modules/next/dist/compiled/next-server/app-page.runtime.dev.js:35:11808)
    at /app/applet/node_modules/next/dist/compiled/next-server/app-page.runtime.dev.js:35:16871
    at aw (/app/applet/node_modules/next/dist/compiled/next-server/app-page.runtime.dev.js:35:16908)
[INTERCEPTED ERROR] TypeError: Cannot read properties of null (reading 'useContext')
    at t.useContext (/app/applet/node_modules/next/dist/compiled/next-server/app-page.runtime.prod.js:12:109421)
    at d (/app/applet/.next/server/chunks/569.js:1:31369)
    at h (/app/applet/.next/server/chunks/569.js:1:23307)
    at au (/app/applet/node_modules/next/dist/compiled/next-server/app-page.runtime.dev.js:35:10446)
    at /app/applet/node_modules/next/dist/compiled/next-server/app-page.runtime.dev.js:35:15122
    at aw (/app/applet/node_modules/next/dist/compiled/next-server/app-page.runtime.dev.js:35:16908)
    at a_ (/app/applet/node_modules/next/dist/compiled/next-server/app-page.runtime.dev.js:35:49776)
    at ab (/app/applet/node_modules/next/dist/compiled/next-server/app-page.runtime.dev.js:35:11808)
    at /app/applet/node_modules/next/dist/compiled/next-server/app-page.runtime.dev.js:35:16871
    at aw (/app/applet/node_modules/next/dist/compiled/next-server/app-page.runtime.dev.js:35:16908) {
  digest: '11866675'
}
[INTERCEPTED ERROR] TypeError: Cannot read properties of null (reading 'useContext')
    at t.useContext (/app/applet/node_modules/next/dist/compiled/next-server/app-page.runtime.prod.js:12:109421)
    at d (/app/applet/.next/server/chunks/569.js:1:31369)
    at h (/app/applet/.next/server/chunks/569.js:1:23307)
    at au (/app/applet/node_modules/next/dist/compiled/next-server/app-page.runtime.dev.js:35:10446)
    at /app/applet/node_modules/next/dist/compiled/next-server/app-page.runtime.dev.js:35:15122
    at aw (/app/applet/node_modules/next/dist/compiled/next-server/app-page.runtime.dev.js:35:16908)
    at a_ (/app/applet/node_modules/next/dist/compiled/next-server/app-page.runtime.dev.js:35:49776)
    at ab (/app/applet/node_modules/next/dist/compiled/next-server/app-page.runtime.dev.js:35:11808)
    at /app/applet/node_modules/next/dist/compiled/next-server/app-page.runtime.dev.js:35:16871
    at aw (/app/applet/node_modules/next/dist/compiled/next-server/app-page.runtime.dev.js:35:16908)
[INTERCEPTED ERROR] 
Error occurred prerendering page "/r/android-aurora". Read more: https://nextjs.org/docs/messages/prerender-error

[INTERCEPTED ERROR] TypeError: Cannot read properties of null (reading 'useContext')
    at t.useContext (/app/applet/node_modules/next/dist/compiled/next-server/app-page.runtime.prod.js:12:109421)
    at d (/app/applet/.next/server/chunks/569.js:1:31369)
    at h (/app/applet/.next/server/chunks/569.js:1:23307)
    at au (/app/applet/node_modules/next/dist/compiled/next-server/app-page.runtime.dev.js:35:10446)
    at /app/applet/node_modules/next/dist/compiled/next-server/app-page.runtime.dev.js:35:15122
    at aw (/app/applet/node_modules/next/dist/compiled/next-server/app-page.runtime.dev.js:35:16908)
    at a_ (/app/applet/node_modules/next/dist/compiled/next-server/app-page.runtime.dev.js:35:49776)
    at ab (/app/applet/node_modules/next/dist/compiled/next-server/app-page.runtime.dev.js:35:11808)
    at /app/applet/node_modules/next/dist/compiled/next-server/app-page.runtime.dev.js:35:16871
    at aw (/app/applet/node_modules/next/dist/compiled/next-server/app-page.runtime.dev.js:35:16908)
[INTERCEPTED ERROR] TypeError: Cannot read properties of null (reading 'useContext')
    at t.useContext (/app/applet/node_modules/next/dist/compiled/next-server/app-page.runtime.prod.js:12:109421)
    at d (/app/applet/.next/server/chunks/569.js:1:31369)
    at h (/app/applet/.next/server/chunks/569.js:1:23307)
    at au (/app/applet/node_modules/next/dist/compiled/next-server/app-page.runtime.dev.js:35:10446)
    at /app/applet/node_modules/next/dist/compiled/next-server/app-page.runtime.dev.js:35:15122
    at aw (/app/applet/node_modules/next/dist/compiled/next-server/app-page.runtime.dev.js:35:16908)
    at a_ (/app/applet/node_modules/next/dist/compiled/next-server/app-page.runtime.dev.js:35:49776)
    at ab (/app/applet/node_modules/next/dist/compiled/next-server/app-page.runtime.dev.js:35:11808)
    at /app/applet/node_modules/next/dist/compiled/next-server/app-page.runtime.dev.js:35:16871
    at aw (/app/applet/node_modules/next/dist/compiled/next-server/app-page.runtime.dev.js:35:16908) {
  digest: '11866675'
}
[INTERCEPTED ERROR] TypeError: Cannot read properties of null (reading 'useContext')
    at t.useContext (/app/applet/node_modules/next/dist/compiled/next-server/app-page.runtime.prod.js:12:109421)
    at d (/app/applet/.next/server/chunks/569.js:1:31369)
    at h (/app/applet/.next/server/chunks/569.js:1:23307)
    at au (/app/applet/node_modules/next/dist/compiled/next-server/app-page.runtime.dev.js:35:10446)
    at /app/applet/node_modules/next/dist/compiled/next-server/app-page.runtime.dev.js:35:15122
    at aw (/app/applet/node_modules/next/dist/compiled/next-server/app-page.runtime.dev.js:35:16908)
    at a_ (/app/applet/node_modules/next/dist/compiled/next-server/app-page.runtime.dev.js:35:49776)
    at ab (/app/applet/node_modules/next/dist/compiled/next-server/app-page.runtime.dev.js:35:11808)
    at /app/applet/node_modules/next/dist/compiled/next-server/app-page.runtime.dev.js:35:16871
    at aw (/app/applet/node_modules/next/dist/compiled/next-server/app-page.runtime.dev.js:35:16908)
[INTERCEPTED ERROR] 
Error occurred prerendering page "/docs". Read more: https://nextjs.org/docs/messages/prerender-error

[INTERCEPTED ERROR] TypeError: Cannot read properties of null (reading 'useContext')
    at t.useContext (/app/applet/node_modules/next/dist/compiled/next-server/app-page.runtime.prod.js:12:109421)
    at d (/app/applet/.next/server/chunks/569.js:1:31369)
    at h (/app/applet/.next/server/chunks/569.js:1:23307)
    at au (/app/applet/node_modules/next/dist/compiled/next-server/app-page.runtime.dev.js:35:10446)
    at /app/applet/node_modules/next/dist/compiled/next-server/app-page.runtime.dev.js:35:15122
    at aw (/app/applet/node_modules/next/dist/compiled/next-server/app-page.runtime.dev.js:35:16908)
    at a_ (/app/applet/node_modules/next/dist/compiled/next-server/app-page.runtime.dev.js:35:49776)
    at ab (/app/applet/node_modules/next/dist/compiled/next-server/app-page.runtime.dev.js:35:11808)
    at /app/applet/node_modules/next/dist/compiled/next-server/app-page.runtime.dev.js:35:16871
    at aw (/app/applet/node_modules/next/dist/compiled/next-server/app-page.runtime.dev.js:35:16908)
 ✓ Generating static pages (56/56)
[INTERCEPTED ERROR] 
[INTERCEPTED ERROR] > Export encountered errors on following paths:
	/_error: /404
	/_error: /500
	/_not-found/page: /_not-found
	/category/[slug]/page: /category/adblockers
	/category/[slug]/page: /category/android-apps
	/category/[slug]/page: /category/anime
	/category/[slug]/page: /category/movies
	/category/[slug]/page: /category/tools
	/category/[slug]/page: /category/tv-shows
	/docs/page: /docs
	/favorites/page: /favorites
	/page: /
	/r/[id]/page: /r/adblock-adguard
	/r/[id]/page: /r/adblock-brave
	/r/[id]/page: /r/adblock-ghostery
	/r/[id]/page: /r/adblock-hosts
	/r/[id]/page: /r/adblock-pihole
	/r/[id]/page: /r/adblock-ublock
	/r/[id]/page: /r/android-apkmirror
	/r/[id]/page: /r/android-aurora
	/r/[id]/page: /r/android-fdroid
	/r/[id]/page: /r/android-newpipe
	/r/[id]/page: /r/android-revanced
	/r/[id]/page: /r/android-shizuku
	/r/[id]/page: /r/android-terabox
	/r/[id]/page: /r/anime-9anime
	/r/[id]/page: /r/anime-anilist
	/r/[id]/page: /r/anime-aniskip
	/r/[id]/page: /r/anime-hianime
	/r/[id]/page: /r/anime-mal
	/r/[id]/page: /r/anime-nyaa
	/r/[id]/page: /r/jiga.host
	/r/[id]/page: /r/movies-1337x
	/r/[id]/page: /r/movies-fmovies
	/r/[id]/page: /r/movies-kodi
	/r/[id]/page: /r/movies-lookmovie
	/r/[id]/page: /r/movies-moviemania
	/r/[id]/page: /r/movies-netflix
	/r/[id]/page: /r/movies-soap2day
	/r/[id]/page: /r/movies-stremio
	/r/[id]/page: /r/movies-tubitv
	/r/[id]/page: /r/movies-yts
	/r/[id]/page: /r/tools-bulkrename
	/r/[id]/page: /r/tools-ffmpeg
	/r/[id]/page: /r/tools-handbrake
	/r/[id]/page: /r/tools-jdownloader
	/r/[id]/page: /r/tools-obs
	/r/[id]/page: /r/tools-shazam
	/r/[id]/page: /r/tools-unmanic
	/r/[id]/page: /r/tv-eztv
	/r/[id]/page: /r/tv-hdtoday
	/r/[id]/page: /r/tv-plex
	/r/[id]/page: /r/tv-plutotv
	/r/[id]/page: /r/tv-sonarr
	/r/[id]/page: /r/tv-wcofun
	/settings/page: /settings
